Date,Day of Week,Lecture Number,Start Time,Subject,Faculty ID,Semester,Branch,Section,Classroom,Total Enrolled Students,Students Present,Attendance Percentage,Previous Lecture Attendance,Gap Since Previous Lecture,Practical/Theory,Internal Test Week,Assignment Due,Holiday Before/After,Weather,Special Event,Faculty Experience
05-01-2026,Monday,1st,09:00 AM,Python Programming,F_010,2,MCA,A,Lab 101,60,44.0,73.33,82.0,3 Days,Practical,No,Yes,Yes,Cloudy,No,6.0
05-01-2026,Monday,2nd,10:00 AM,Python Programming,F_010,2,MCA,A,Lab 101,60,47.0,78.33,73.33,3 Days,Practical,No,Yes,Yes,Sunny,No,4.0
05-01-2026,Monday,3rd,11:15 AM,Operating Systems,F_012,2,MCA,A,Room 203,60,38.0,63.33,72.0,3 Days,Theory,No,No,Yes,Sunny,No,6.0
05-01-2026,Monday,4th,12:15 PM,Machine Learning,F_007,2,MCA,B,Room 204,60,41.0,68.33,80.0,3 Days,Theory,No,Yes,Yes,Rainy,No,8.0
05-01-2026,Monday,5th,02:00 PM,Python Programming,F_010,2,MCA,A,Lab 101,60,40.0,66.67,78.33,1 Day,Practical,No,No,Yes,Cloudy,No,4.0
05-01-2026,Monday,6th,03:00 PM,Python Programming,F_010,2,MCA,A,Lab 101,60,39.0,65.0,66.67,1 Day,Practical,No,No,Yes,Rainy,No,8.0
06-01-2026,Tuesday,1st,09:00 AM,Web Development,F_009,2,MCA,A,Lab 102,60,51.0,85.0,84.0,3 Days,Practical,No,No,No,Sunny,No,8.0
06-01-2026,Tuesday,2nd,10:00 AM,Software Engineering,F_003,2,MCA,A,Room 205,60,42.0,70.0,70.0,2 Days,Theory,No,No,No,Sunny,No,4.0
06-01-2026,Tuesday,3rd,11:15 AM,Database Management Systems,F_004,2,MCA,B,Room 203,60,47.0,78.33,76.0,2 Days,Theory,No,No,No,Cloudy,No,12.0
06-01-2026,Tuesday,4th,12:15 PM,Database Management Systems,F_004,2,MCA,B,Room 203,60,47.0,78.33,,2 Days,Theory,No,No,No,Sunny,No,15.0
07-01-2026,Wednesday,1st,09:00 AM,Machine Learning,F_007,2,MCA,A,Room 204,60,50.0,83.33,68.33,1 Day,Theory,No,No,No,Sunny,No,4.0
07-01-2026,Wednesday,2nd,10:00 AM,Software Engineering,F_003,2,MCA,B,Room 205,60,36.0,60.0,70.0,2 Days,Theory,No,No,No,Rainy,No,12.0
07-01-2026,Wednesday,3rd,11:15 AM,Web Development,F_009,2,MCA,B,Lab 102,60,52.0,86.67,85.0,3 Days,Practical,No,No,No,Sunny,No,4.0
07-01-2026,Wednesday,4th,12:15 PM,Software Engineering,F_003,2,MCA,B,Room 205,60,44.0,73.33,60.0,1 Day,Theory,No,No,No,Cloudy,No,12.0
07-01-2026,Wednesday,5th,02:00 PM,Web Development,F_009,2,MCA,B,Lab 102,60,44.0,73.33,86.67,3 Days,Practical,No,No,No,Sunny,No,8.0
08-01-2026,Thursday,1st,09:00 AM,Web Development,F_009,2,MCA,B,Lab 102,60,52.0,86.67,73.33,2 Days,Practical,No,No,No,Cloudy,No,4.0
08-01-2026,Thursday,2nd,10:00 AM,Database Management Systems,F_004,2,MCA,A,Room 203,60,51.0,85.0,78.33,1 Day,Theory,No,Yes,No,Sunny,No,12.0
08-01-2026,Thursday,3rd,11:15 AM,Database Management Systems,F_004,2,MCA,A,Room 203,60,48.0,80.0,85.0,2 Days,Theory,No,No,No,Sunny,No,15.0
08-01-2026,Thursday,4th,12:15 PM,Software Engineering,F_003,2,MCA,A,Room 205,60,40.0,66.67,73.33,2 Days,Theory,No,No,No,Cloudy,No,15.0
08-01-2026,Thursday,5th,02:00 PM,Python Programming,F_010,2,MCA,A,Lab 101,60,41.0,68.33,65.0,1 Day,Practical,No,No,No,Sunny,No,4.0
08-01-2026,Thursday,6th,03:00 PM,Python Programming,F_010,2,MCA,B,Lab 101,60,44.0,73.33,68.33,3 Days,Practical,No,No,No,Sunny,No,8.0
09-01-2026,Friday,1st,09:00 AM,Operating Systems,F_012,2,MCA,A,Room 203,60,43.0,71.67,63.33,2 Days,Theory,No,No,No,Sunny,No,8.0
09-01-2026,Friday,2nd,10:00 AM,Software Engineering,F_003,2,MCA,A,Room 205,60,41.0,68.33,66.67,1 Day,Theory,No,No,No,Sunny,No,8.0
09-01-2026,Friday,3rd,11:15 AM,Web Development,F_009,2,MCA,A,Lab 102,60,42.0,70.0,86.67,1 Day,Practical,No,No,No,Rainy,No,12.0
09-01-2026,Friday,4th,12:15 PM,Python Programming,F_010,2,MCA,B,Lab 101,60,49.0,81.67,73.33,1 Day,Practical,No,No,No,Sunny,No,6.0
09-01-2026,Friday,5th,02:00 PM,Database Management Systems,F_004,2,MCA,B,Room 203,60,43.0,71.67,80.0,2 Days,Theory,No,No,No,Sunny,No,4.0
10-01-2026,Saturday,1st,09:00 AM,Operating Systems,F_012,2,MCA,A,Room 203,60,29.0,48.33,71.67,1 Day,Theory,No,No,Yes,Rainy,No,8.0
10-01-2026,Saturday,2nd,10:00 AM,Python Programming,F_010,2,MCA,A,Lab 101,60,42.0,70.0,81.67,1 Day,Practical,No,No,Yes,Sunny,No,
10-01-2026,Saturday,3rd,11:15 AM,Software Engineering,F_003,2,MCA,B,Room 205,60,32.0,53.33,68.33,1 Day,Theory,No,No,Yes,Rainy,No,15.0
10-01-2026,Saturday,4th,12:15 PM,Machine Learning,F_007,2,MCA,B,Room 204,60,42.0,70.0,83.33,1 Day,Theory,No,No,Yes,Cloudy,No,12.0
10-01-2026,Saturday,5th,02:00 PM,Python Programming,F_010,2,MCA,B,Lab 101,60,42.0,70.0,,3 Days,Practical,No,Yes,Yes,Sunny,No,6.0
12-01-2026,Monday,1st,09:00 AM,Database Management Systems,F_004,2,MCA,A,Room 203,60,39.0,65.0,71.67,1 Day,Theory,No,No,Yes,Cloudy,No,15.0
12-01-2026,Monday,2nd,10:00 AM,Database Management Systems,F_004,2,MCA,B,Room 203,60,40.0,66.67,65.0,2 Days,Theory,No,No,Yes,Sunny,No,6.0
12-01-2026,Monday,3rd,11:15 AM,Database Management Systems,F_004,2,MCA,B,Room 203,60,42.0,70.0,66.67,1 Day,Theory,No,No,Yes,Cloudy,No,8.0
12-01-2026,Monday,4th,12:15 PM,Python Programming,F_010,2,MCA,A,Lab 101,60,49.0,81.67,70.0,1 Day,Practical,No,Yes,Yes,Sunny,No,8.0
12-01-2026,Monday,5th,02:00 PM,Python Programming,F_010,2,MCA,A,Lab 101,60,45.0,75.0,81.67,3 Days,Practical,No,Yes,Yes,Sunny,No,8.0
13-01-2026,Tuesday,1st,09:00 AM,Software Engineering,F_003,2,MCA,A,Room 205,60,44.0,73.33,53.33,2 Days,Theory,No,No,No,Sunny,No,15.0
13-01-2026,Tuesday,2nd,10:00 AM,Database Management Systems,F_004,2,MCA,B,Room 203,60,47.0,78.33,70.0,1 Day,Theory,No,No,No,Sunny,No,4.0
13-01-2026,Tuesday,3rd,11:15 AM,Operating Systems,F_012,2,MCA,B,Room 203,60,45.0,75.0,48.33,2 Days,Theory,No,No,No,Sunny,No,4.0
13-01-2026,Tuesday,4th,12:15 PM,Database Management Systems,F_004,2,MCA,B,Room 203,60,40.0,66.67,78.33,1 Day,Theory,No,No,No,Rainy,No,6.0
14-01-2026,Wednesday,1st,09:00 AM,Machine Learning,F_007,2,MCA,B,Room 204,60,39.0,65.0,70.0,2 Days,Theory,No,No,No,Rainy,No,15.0
14-01-2026,Wednesday,2nd,10:00 AM,Database Management Systems,F_004,2,MCA,B,Room 203,60,39.0,65.0,66.67,2 Days,Theory,No,No,No,Cloudy,Yes,15.0
14-01-2026,Wednesday,3rd,11:15 AM,Web Development,F_009,2,MCA,B,Lab 102,60,,,70.0,1 Day,Practical,No,No,No,Sunny,No,15.0
14-01-2026,Wednesday,4th,12:15 PM,Python Programming,F_010,2,MCA,B,Lab 101,60,51.0,85.0,75.0,3 Days,Practical,No,No,No,Sunny,No,4.0
15-01-2026,Thursday,1st,09:00 AM,Software Engineering,F_003,2,MCA,A,Room 205,60,43.0,71.67,73.33,2 Days,Theory,No,No,No,Cloudy,No,8.0
15-01-2026,Thursday,2nd,10:00 AM,Database Management Systems,F_004,2,MCA,A,Room 203,60,40.0,66.67,65.0,3 Days,Theory,No,No,No,Rainy,No,6.0
15-01-2026,Thursday,3rd,11:15 AM,Machine Learning,F_007,2,MCA,A,Room 204,60,43.0,71.67,65.0,3 Days,Theory,No,No,No,Rainy,No,15.0
15-01-2026,Thursday,4th,12:15 PM,Web Development,F_009,2,MCA,B,Lab 102,60,51.0,85.0,81.67,3 Days,Practical,No,No,No,Sunny,No,8.0
16-01-2026,Friday,1st,09:00 AM,Software Engineering,F_003,2,MCA,A,Room 205,60,44.0,73.33,71.67,1 Day,Theory,No,No,No,Sunny,No,4.0
16-01-2026,Friday,2nd,10:00 AM,Operating Systems,F_012,2,MCA,A,Room 203,60,43.0,71.67,75.0,2 Days,Theory,No,No,No,Sunny,No,12.0
16-01-2026,Friday,3rd,11:15 AM,Software Engineering,F_003,2,MCA,B,Room 205,60,43.0,71.67,73.33,1 Day,Theory,No,No,No,Sunny,No,6.0
16-01-2026,Friday,4th,12:15 PM,Python Programming,F_010,2,MCA,B,Lab 101,60,49.0,81.67,85.0,3 Days,Practical,No,No,No,Sunny,No,12.0
17-01-2026,Saturday,1st,09:00 AM,Web Development,F_009,2,MCA,A,Lab 102,60,34.0,56.67,85.0,2 Days,Practical,No,No,Yes,Rainy,No,15.0
17-01-2026,Saturday,2nd,10:00 AM,Software Engineering,F_003,2,MCA,B,Room 205,60,33.0,55.0,71.67,2 Days,Theory,No,No,Yes,Rainy,No,8.0
17-01-2026,Saturday,3rd,11:15 AM,Web Development,F_009,2,MCA,B,Lab 102,60,48.0,80.0,56.67,3 Days,Practical,No,Yes,Yes,Sunny,No,6.0
17-01-2026,Saturday,4th,12:15 PM,Operating Systems,F_012,2,MCA,B,Room 203,60,34.0,56.67,71.67,3 Days,Theory,No,Yes,Yes,Rainy,No,15.0
17-01-2026,Saturday,5th,02:00 PM,Machine Learning,F_007,2,MCA,B,Room 204,60,32.0,53.33,71.67,3 Days,Theory,No,No,Yes,Rainy,No,15.0
19-01-2026,Monday,1st,09:00 AM,Software Engineering,F_003,2,MCA,A,Room 205,60,26.0,43.33,55.0,1 Day,Theory,No,No,Yes,Rainy,No,12.0
19-01-2026,Monday,2nd,10:00 AM,Python Programming,F_010,2,MCA,B,Lab 101,60,45.0,75.0,81.67,1 Day,Practical,No,No,Yes,Sunny,No,6.0
19-01-2026,Monday,3rd,11:15 AM,Machine Learning,F_007,2,MCA,A,Room 204,60,38.0,63.33,53.33,2 Days,Theory,No,No,Yes,Rainy,No,12.0
19-01-2026,Monday,4th,12:15 PM,Machine Learning,F_007,2,MCA,A,Room 204,60,41.0,68.33,63.33,1 Day,Theory,No,No,Yes,Sunny,No,4.0
19-01-2026,Monday,5th,02:00 PM,Web Development,F_009,2,MCA,B,Lab 102,60,38.0,63.33,80.0,3 Days,Practical,No,No,Yes,Sunny,No,4.0
20-01-2026,Tuesday,1st,09:00 AM,Software Engineering,F_003,2,MCA,B,Room 205,60,40.0,66.67,43.33,3 Days,Theory,No,No,No,Sunny,No,4.0
20-01-2026,Tuesday,2nd,10:00 AM,Web Development,F_009,2,MCA,A,Lab 102,60,46.0,76.67,63.33,1 Day,Practical,No,No,No,Rainy,No,6.0
20-01-2026,Tuesday,3rd,11:15 AM,Python Programming,F_010,2,MCA,A,Lab 101,60,51.0,85.0,75.0,1 Day,Practical,No,No,No,Cloudy,No,15.0
20-01-2026,Tuesday,4th,12:15 PM,Machine Learning,F_007,2,MCA,B,Room 204,60,50.0,83.33,68.33,1 Day,Theory,No,No,No,Cloudy,No,8.0
20-01-2026,Tuesday,5th,02:00 PM,Python Programming,F_010,2,MCA,B,Lab 101,60,44.0,73.33,85.0,3 Days,Practical,No,No,No,,No,12.0
20-01-2026,Tuesday,6th,03:00 PM,Web Development,F_009,2,MCA,B,Lab 102,60,44.0,73.33,76.67,2 Days,Practical,No,No,No,,No,15.0
21-01-2026,Wednesday,1st,09:00 AM,Operating Systems,F_012,2,MCA,B,Room 203,60,38.0,63.33,,2 Days,Theory,No,No,No,Rainy,No,12.0
21-01-2026,Wednesday,2nd,10:00 AM,Machine Learning,F_007,2,MCA,B,Room 204,60,46.0,76.67,83.33,1 Day,Theory,No,No,No,Cloudy,No,15.0
21-01-2026,Wednesday,3rd,11:15 AM,Operating Systems,F_012,2,MCA,A,Room 203,60,45.0,75.0,63.33,2 Days,Theory,No,No,No,Sunny,No,12.0
21-01-2026,Wednesday,4th,12:15 PM,Machine Learning,F_007,2,MCA,B,Room 204,60,48.0,80.0,76.67,2 Days,Theory,No,No,No,Sunny,No,15.0
22-01-2026,Thursday,1st,09:00 AM,Web Development,F_009,2,MCA,A,Lab 102,60,45.0,75.0,73.33,1 Day,Practical,No,No,No,Rainy,No,8.0
22-01-2026,Thursday,2nd,10:00 AM,Software Engineering,F_003,2,MCA,B,Room 205,60,43.0,71.67,,2 Days,Theory,No,No,No,Sunny,No,12.0
22-01-2026,Thursday,3rd,11:15 AM,Python Programming,F_010,2,MCA,A,Lab 101,60,47.0,78.33,73.33,2 Days,Practical,No,No,No,Cloudy,No,6.0
22-01-2026,Thursday,4th,12:15 PM,Machine Learning,F_007,2,MCA,A,Room 204,60,53.0,88.33,80.0,3 Days,Theory,No,Yes,No,Sunny,No,6.0
22-01-2026,Thursday,5th,02:00 PM,Web Development,F_009,2,MCA,A,Lab 102,60,38.0,63.33,75.0,1 Day,Practical,No,No,No,Rainy,No,6.0
22-01-2026,Thursday,6th,03:00 PM,Operating Systems,F_012,2,MCA,B,Room 203,60,39.0,65.0,75.0,2 Days,Theory,No,No,No,Sunny,No,15.0
23-01-2026,Friday,1st,09:00 AM,Database Management Systems,F_004,2,MCA,B,Room 203,60,41.0,68.33,66.67,2 Days,Theory,No,No,No,Rainy,No,
23-01-2026,Friday,2nd,10:00 AM,Web Development,F_009,2,MCA,A,Lab 102,60,49.0,81.67,63.33,3 Days,Practical,No,No,No,Sunny,No,6.0
23-01-2026,Friday,3rd,11:15 AM,Database Management Systems,F_004,2,MCA,B,Room 203,60,47.0,78.33,68.33,2 Days,Theory,No,No,No,Sunny,No,12.0
23-01-2026,Friday,4th,12:15 PM,Machine Learning,F_007,2,MCA,A,Room 204,60,54.0,90.0,88.33,1 Day,Theory,No,Yes,No,Cloudy,No,12.0
23-01-2026,Friday,5th,02:00 PM,Operating Systems,F_012,2,MCA,B,Room 203,60,,,65.0,1 Day,Theory,No,Yes,No,Sunny,No,8.0
23-01-2026,Friday,6th,03:00 PM,Operating Systems,F_012,2,MCA,B,Room 203,60,43.0,71.67,68.33,3 Days,Theory,No,Yes,No,Cloudy,No,8.0
24-01-2026,Saturday,1st,09:00 AM,Machine Learning,F_007,2,MCA,B,Room 204,60,38.0,63.33,,3 Days,Theory,No,No,Yes,Sunny,No,15.0
24-01-2026,Saturday,2nd,10:00 AM,Web Development,F_009,2,MCA,B,Lab 102,60,49.0,81.67,81.67,2 Days,Practical,No,Yes,Yes,Sunny,No,12.0
24-01-2026,Saturday,3rd,11:15 AM,Python Programming,F_010,2,MCA,B,Lab 101,60,38.0,63.33,78.33,1 Day,Practical,No,No,Yes,Rainy,No,4.0
24-01-2026,Saturday,4th,12:15 PM,Web Development,F_009,2,MCA,A,Lab 102,60,52.0,86.67,81.67,1 Day,Practical,No,Yes,Yes,Sunny,No,8.0
24-01-2026,Saturday,5th,02:00 PM,Software Engineering,F_003,2,MCA,A,Room 205,60,28.0,46.67,71.67,3 Days,Theory,No,No,Yes,Rainy,No,6.0
24-01-2026,Saturday,6th,03:00 PM,Machine Learning,F_007,2,MCA,A,Room 204,60,41.0,68.33,63.33,1 Day,Theory,No,No,Yes,Cloudy,No,12.0
26-01-2026,Monday,1st,09:00 AM,Web Development,F_009,2,MCA,B,Lab 102,60,40.0,66.67,86.67,2 Days,Practical,No,Yes,Yes,Rainy,No,4.0
26-01-2026,Monday,2nd,10:00 AM,Operating Systems,F_012,2,MCA,A,Room 203,60,32.0,53.33,71.67,1 Day,Theory,No,No,Yes,Rainy,No,15.0
26-01-2026,Monday,3rd,11:15 AM,Python Programming,F_010,2,MCA,B,Lab 101,60,38.0,63.33,63.33,2 Days,Practical,No,No,Yes,Rainy,No,15.0
26-01-2026,Monday,4th,12:15 PM,Database Management Systems,F_004,2,MCA,A,Room 203,60,36.0,60.0,78.33,3 Days,Theory,No,No,Yes,Rainy,No,15.0
26-01-2026,Monday,5th,02:00 PM,Web Development,F_009,2,MCA,A,Lab 102,60,22.0,36.67,66.67,3 Days,Practical,No,No,Yes,Rainy,Yes,12.0
27-01-2026,Tuesday,1st,09:00 AM,Database Management Systems,F_004,2,MCA,B,Room 203,60,46.0,76.67,60.0,1 Day,Theory,No,No,No,Cloudy,No,12.0
27-01-2026,Tuesday,2nd,10:00 AM,Python Programming,F_010,2,MCA,B,Lab 101,60,46.0,76.67,63.33,1 Day,Practical,No,No,No,Rainy,No,6.0
27-01-2026,Tuesday,3rd,11:15 AM,Web Development,F_009,2,MCA,B,Lab 102,60,53.0,88.33,36.67,2 Days,Practical,No,No,No,Sunny,No,15.0
27-01-2026,Tuesday,4th,12:15 PM,Web Development,F_009,2,MCA,A,Lab 102,60,55.0,91.67,88.33,1 Day,Practical,No,Yes,No,Sunny,No,8.0
28-01-2026,Wednesday,1st,09:00 AM,Python Programming,F_010,2,MCA,B,Lab 101,60,51.0,85.0,76.67,2 Days,Practical,No,No,No,Cloudy,No,4.0
28-01-2026,Wednesday,2nd,10:00 AM,Machine Learning,F_007,2,MCA,A,Room 204,60,49.0,81.67,68.33,3 Days,Theory,No,No,No,Sunny,No,12.0
28-01-2026,Wednesday,3rd,11:15 AM,Database Management Systems,F_004,2,MCA,B,Room 203,60,37.0,61.67,76.67,2 Days,Theory,No,No,No,Rainy,No,6.0
28-01-2026,Wednesday,4th,12:15 PM,Software Engineering,F_003,2,MCA,A,Room 205,60,43.0,71.67,46.67,2 Days,Theory,No,No,No,Cloudy,No,12.0
28-01-2026,Wednesday,5th,02:00 PM,Python Programming,F_010,2,MCA,B,Lab 101,60,43.0,71.67,85.0,3 Days,Practical,No,No,No,Cloudy,No,8.0
28-01-2026,Wednesday,6th,03:00 PM,Machine Learning,F_007,2,MCA,B,Room 204,60,38.0,63.33,,1 Day,Theory,No,No,No,Rainy,No,4.0
29-01-2026,Thursday,1st,09:00 AM,Operating Systems,F_012,2,MCA,B,Room 203,60,37.0,61.67,53.33,2 Days,Theory,No,No,Yes,Sunny,No,12.0
29-01-2026,Thursday,2nd,10:00 AM,Database Management Systems,F_004,2,MCA,A,Room 203,60,43.0,71.67,61.67,3 Days,Theory,No,No,Yes,Cloudy,No,6.0
29-01-2026,Thursday,3rd,11:15 AM,Machine Learning,F_007,2,MCA,B,Room 204,60,41.0,68.33,63.33,1 Day,Theory,No,No,Yes,Sunny,No,6.0
29-01-2026,Thursday,4th,12:15 PM,Database Management Systems,F_004,2,MCA,B,Room 203,60,43.0,71.67,71.67,1 Day,Theory,No,No,Yes,Cloudy,No,8.0
29-01-2026,Thursday,5th,02:00 PM,Machine Learning,F_007,2,MCA,B,Room 204,60,40.0,66.67,68.33,1 Day,Theory,No,No,Yes,Cloudy,No,12.0
29-01-2026,Thursday,6th,03:00 PM,Web Development,F_009,2,MCA,B,Lab 102,60,26.0,43.33,91.67,1 Day,Practical,No,No,Yes,Rainy,Yes,15.0
30-01-2026,Friday,1st,09:00 AM,Operating Systems,F_012,2,MCA,B,Room 203,60,47.0,78.33,61.67,3 Days,Theory,No,Yes,No,Cloudy,No,6.0
30-01-2026,Friday,2nd,10:00 AM,Software Engineering,F_003,2,MCA,A,Room 205,60,28.0,46.67,71.67,2 Days,Theory,No,No,No,Sunny,Yes,4.0
30-01-2026,Friday,3rd,11:15 AM,Web Development,F_009,2,MCA,A,Lab 102,60,50.0,83.33,43.33,2 Days,Practical,No,Yes,No,Rainy,No,15.0
30-01-2026,Friday,4th,12:15 PM,Operating Systems,F_012,2,MCA,B,Room 203,60,37.0,61.67,78.33,1 Day,Theory,No,No,No,Cloudy,Yes,8.0
31-01-2026,Saturday,1st,09:00 AM,Software Engineering,F_003,2,MCA,A,Room 205,60,33.0,55.0,46.67,1 Day,Theory,No,No,Yes,Cloudy,No,
31-01-2026,Saturday,2nd,10:00 AM,Software Engineering,F_003,2,MCA,A,Room 205,60,37.0,61.67,55.0,1 Day,Theory,No,No,Yes,Sunny,No,8.0
31-01-2026,Saturday,3rd,11:15 AM,Python Programming,F_010,2,MCA,A,Lab 101,60,45.0,75.0,71.67,2 Days,Practical,No,No,Yes,Sunny,No,6.0
31-01-2026,Saturday,4th,12:15 PM,Machine Learning,F_007,2,MCA,A,Room 204,60,41.0,68.33,66.67,2 Days,Theory,No,No,Yes,Sunny,No,15.0
02-02-2026,Monday,1st,09:00 AM,Python Programming,F_010,2,MCA,A,Lab 101,60,42.0,70.0,75.0,1 Day,Practical,No,No,Yes,Sunny,No,4.0
02-02-2026,Monday,2nd,10:00 AM,Software Engineering,F_003,2,MCA,B,Room 205,60,31.0,51.67,61.67,3 Days,Theory,No,Yes,Yes,Rainy,No,15.0
02-02-2026,Monday,3rd,11:15 AM,Operating Systems,F_012,2,MCA,B,Room 203,60,37.0,61.67,61.67,2 Days,Theory,No,No,Yes,Sunny,No,12.0
02-02-2026,Monday,4th,12:15 PM,Python Programming,F_010,2,MCA,B,Lab 101,60,46.0,76.67,70.0,1 Day,Practical,No,No,Yes,Cloudy,No,4.0
03-02-2026,Tuesday,1st,09:00 AM,Web Development,F_009,2,MCA,A,Lab 102,60,46.0,76.67,83.33,3 Days,Practical,No,No,No,,No,4.0
03-02-2026,Tuesday,2nd,10:00 AM,Operating Systems,F_012,2,MCA,A,Room 203,60,43.0,71.67,,2 Days,Theory,No,No,No,Sunny,No,12.0
03-02-2026,Tuesday,3rd,11:15 AM,Machine Learning,F_007,2,MCA,A,Room 204,60,50.0,83.33,68.33,3 Days,Theory,No,No,No,Cloudy,No,6.0
03-02-2026,Tuesday,4th,12:15 PM,Python Programming,F_010,2,MCA,B,Lab 101,60,49.0,81.67,76.67,1 Day,Practical,No,No,No,Sunny,No,8.0
03-02-2026,Tuesday,5th,02:00 PM,Software Engineering,F_003,2,MCA,A,Room 205,60,39.0,65.0,51.67,3 Days,Theory,No,Yes,No,Cloudy,No,12.0
03-02-2026,Tuesday,6th,03:00 PM,Web Development,F_009,2,MCA,A,Lab 102,60,46.0,76.67,76.67,1 Day,Practical,No,No,No,Sunny,No,6.0
04-02-2026,Wednesday,1st,09:00 AM,Database Management Systems,F_004,2,MCA,B,Room 203,60,44.0,73.33,71.67,1 Day,Theory,No,No,No,Sunny,No,8.0
04-02-2026,Wednesday,2nd,10:00 AM,Machine Learning,F_007,2,MCA,A,Room 204,60,48.0,80.0,83.33,3 Days,Theory,No,No,No,Sunny,No,15.0
04-02-2026,Wednesday,3rd,11:15 AM,Software Engineering,F_003,2,MCA,B,Room 205,60,41.0,68.33,65.0,1 Day,Theory,No,No,No,Sunny,No,15.0
04-02-2026,Wednesday,4th,12:15 PM,Machine Learning,F_007,2,MCA,A,Room 204,60,46.0,76.67,80.0,3 Days,Theory,No,No,No,Cloudy,No,15.0
04-02-2026,Wednesday,5th,02:00 PM,Database Management Systems,F_004,2,MCA,B,Room 203,60,40.0,66.67,73.33,2 Days,Theory,No,No,No,Sunny,No,8.0
04-02-2026,Wednesday,6th,03:00 PM,Operating Systems,F_012,2,MCA,B,Room 203,60,38.0,63.33,71.67,2 Days,Theory,No,No,No,Sunny,No,4.0
05-02-2026,Thursday,1st,09:00 AM,Web Development,F_009,2,MCA,B,Lab 102,60,49.0,81.67,76.67,1 Day,Practical,No,Yes,Yes,Sunny,No,6.0
05-02-2026,Thursday,2nd,10:00 AM,Software Engineering,F_003,2,MCA,B,Room 205,60,38.0,63.33,68.33,3 Days,Theory,No,No,Yes,Sunny,No,6.0
05-02-2026,Thursday,3rd,11:15 AM,Python Programming,F_010,2,MCA,B,Lab 101,60,44.0,73.33,81.67,1 Day,Practical,No,No,Yes,Sunny,No,12.0
05-02-2026,Thursday,4th,12:15 PM,Software Engineering,F_003,2,MCA,B,Room 205,60,41.0,68.33,63.33,2 Days,Theory,No,No,Yes,Cloudy,No,4.0
05-02-2026,Thursday,5th,02:00 PM,Software Engineering,F_003,2,MCA,B,Room 205,60,31.0,51.67,68.33,1 Day,Theory,No,No,Yes,Sunny,No,4.0
06-02-2026,Friday,1st,09:00 AM,Machine Learning,F_007,2,MCA,B,Room 204,60,48.0,80.0,76.67,3 Days,Theory,No,No,No,Sunny,No,4.0
06-02-2026,Friday,2nd,10:00 AM,Machine Learning,F_007,2,MCA,A,Room 204,60,47.0,78.33,80.0,2 Days,Theory,No,No,No,Sunny,No,6.0
06-02-2026,Friday,3rd,11:15 AM,Software Engineering,F_003,2,MCA,B,Room 205,60,39.0,65.0,51.67,3 Days,Theory,No,Yes,No,Rainy,No,15.0
06-02-2026,Friday,4th,12:15 PM,Software Engineering,F_003,2,MCA,A,Room 205,60,36.0,60.0,65.0,3 Days,Theory,No,No,No,Rainy,No,12.0
07-02-2026,Saturday,1st,09:00 AM,Web Development,F_009,2,MCA,B,Lab 102,60,41.0,68.33,81.67,2 Days,Practical,No,Yes,Yes,Rainy,No,4.0
07-02-2026,Saturday,2nd,10:00 AM,Operating Systems,F_012,2,MCA,A,Room 203,60,40.0,66.67,63.33,3 Days,Theory,No,No,Yes,Sunny,No,15.0
07-02-2026,Saturday,3rd,11:15 AM,Python Programming,F_010,2,MCA,B,Lab 101,60,42.0,70.0,73.33,3 Days,Practical,No,No,Yes,Cloudy,No,4.0
07-02-2026,Saturday,4th,12:15 PM,Operating Systems,F_012,2,MCA,A,Room 203,60,38.0,63.33,66.67,2 Days,Theory,No,No,Yes,Sunny,No,8.0
07-02-2026,Saturday,5th,02:00 PM,Software Engineering,F_003,2,MCA,A,Room 205,60,35.0,58.33,60.0,3 Days,Theory,No,No,Yes,Sunny,No,15.0
09-02-2026,Monday,1st,09:00 AM,Python Programming,F_010,2,MCA,A,Lab 101,60,41.0,68.33,70.0,3 Days,Practical,No,No,Yes,Sunny,No,8.0
09-02-2026,Monday,2nd,10:00 AM,Machine Learning,F_007,2,MCA,B,Room 204,60,43.0,71.67,78.33,1 Day,Theory,No,No,Yes,Cloudy,No,15.0
09-02-2026,Monday,3rd,11:15 AM,Python Programming,F_010,2,MCA,A,Lab 101,60,48.0,80.0,68.33,2 Days,Practical,No,No,Yes,Sunny,No,8.0
09-02-2026,Monday,4th,12:15 PM,Python Programming,F_010,2,MCA,B,Lab 101,60,41.0,68.33,80.0,3 Days,Practical,No,No,Yes,Sunny,No,15.0
09-02-2026,Monday,5th,02:00 PM,Web Development,F_009,2,MCA,A,Lab 102,60,40.0,66.67,68.33,3 Days,Practical,No,Yes,Yes,Rainy,No,6.0
10-02-2026,Tuesday,1st,09:00 AM,Machine Learning,F_007,2,MCA,A,Room 204,60,42.0,70.0,71.67,2 Days,Theory,No,No,No,Rainy,No,6.0
10-02-2026,Tuesday,2nd,10:00 AM,Machine Learning,F_007,2,MCA,A,Room 204,60,42.0,70.0,,2 Days,Theory,No,No,No,Rainy,No,8.0
10-02-2026,Tuesday,3rd,11:15 AM,Database Management Systems,F_004,2,MCA,B,Room 203,60,46.0,76.67,66.67,3 Days,Theory,No,No,No,Sunny,No,4.0
10-02-2026,Tuesday,4th,12:15 PM,Web Development,F_009,2,MCA,A,Lab 102,60,50.0,83.33,66.67,2 Days,Practical,No,No,No,Sunny,No,6.0
10-02-2026,Tuesday,5th,02:00 PM,Operating Systems,F_012,2,MCA,B,Room 203,60,42.0,70.0,63.33,1 Day,Theory,No,Yes,No,Sunny,No,8.0
10-02-2026,Tuesday,6th,03:00 PM,Python Programming,F_010,2,MCA,A,Lab 101,60,45.0,75.0,68.33,3 Days,Practical,No,No,No,Sunny,No,4.0
11-02-2026,Wednesday,1st,09:00 AM,Software Engineering,F_003,2,MCA,B,Room 205,60,33.0,55.0,58.33,1 Day,Theory,No,No,Yes,Rainy,No,4.0
11-02-2026,Wednesday,2nd,10:00 AM,Python Programming,F_010,2,MCA,B,Lab 101,60,46.0,76.67,75.0,1 Day,Practical,No,No,Yes,Sunny,No,4.0
11-02-2026,Wednesday,3rd,11:15 AM,Python Programming,F_010,2,MCA,B,Lab 101,60,45.0,75.0,76.67,3 Days,Practical,No,Yes,Yes,Rainy,No,4.0
11-02-2026,Wednesday,4th,12:15 PM,Database Management Systems,F_004,2,MCA,A,Room 203,60,38.0,63.33,76.67,3 Days,Theory,No,No,Yes,Sunny,No,4.0
11-02-2026,Wednesday,5th,02:00 PM,Operating Systems,F_012,2,MCA,A,Room 203,60,31.0,51.67,70.0,2 Days,Theory,No,No,Yes,Sunny,No,8.0
12-02-2026,Thursday,1st,09:00 AM,Python Programming,F_010,2,MCA,A,Lab 101,60,48.0,80.0,75.0,3 Days,Practical,No,No,No,Cloudy,No,8.0
12-02-2026,Thursday,2nd,10:00 AM,Software Engineering,F_003,2,MCA,A,Room 205,60,38.0,63.33,55.0,1 Day,Theory,No,No,No,Rainy,No,6.0
12-02-2026,Thursday,3rd,11:15 AM,Machine Learning,F_007,2,MCA,B,Room 204,60,48.0,80.0,70.0,2 Days,Theory,No,No,No,Sunny,No,8.0
12-02-2026,Thursday,4th,12:15 PM,Machine Learning,F_007,2,MCA,B,Room 204,60,50.0,83.33,80.0,3 Days,Theory,No,Yes,No,Sunny,No,4.0
12-02-2026,Thursday,5th,02:00 PM,Operating Systems,F_012,2,MCA,B,Room 203,60,31.0,51.67,51.67,2 Days,Theory,No,No,No,Rainy,No,12.0
12-02-2026,Thursday,6th,03:00 PM,Python Programming,F_010,2,MCA,B,Lab 101,60,43.0,71.67,80.0,3 Days,Practical,No,No,No,Sunny,No,6.0
13-02-2026,Friday,1st,09:00 AM,Operating Systems,F_012,2,MCA,B,Room 203,60,39.0,65.0,51.67,2 Days,Theory,No,No,No,Rainy,No,12.0
13-02-2026,Friday,2nd,10:00 AM,Web Development,F_009,2,MCA,B,Lab 102,60,51.0,85.0,83.33,1 Day,Practical,No,No,No,Cloudy,No,4.0
13-02-2026,Friday,3rd,11:15 AM,Machine Learning,F_007,2,MCA,B,Room 204,60,49.0,81.67,83.33,3 Days,Theory,No,No,No,Sunny,No,6.0
13-02-2026,Friday,4th,12:15 PM,Python Programming,F_010,2,MCA,A,Lab 101,60,53.0,88.33,71.67,2 Days,Practical,No,Yes,No,Sunny,No,8.0
13-02-2026,Friday,5th,02:00 PM,Software Engineering,F_003,2,MCA,B,Room 205,60,38.0,63.33,63.33,3 Days,Theory,No,No,No,Cloudy,No,4.0
14-02-2026,Saturday,1st,09:00 AM,Machine Learning,F_007,2,MCA,B,Room 204,60,33.0,55.0,81.67,2 Days,Theory,No,No,Yes,Sunny,Yes,6.0
14-02-2026,Saturday,2nd,10:00 AM,Database Management Systems,F_004,2,MCA,B,Room 203,60,44.0,73.33,63.33,1 Day,Theory,No,No,Yes,Cloudy,No,12.0
14-02-2026,Saturday,3rd,11:15 AM,Database Management Systems,F_004,2,MCA,B,Room 203,60,38.0,63.33,73.33,3 Days,Theory,No,No,Yes,Rainy,No,8.0
14-02-2026,Saturday,4th,12:15 PM,Database Management Systems,F_004,2,MCA,A,Room 203,60,41.0,68.33,63.33,1 Day,Theory,No,No,Yes,,No,15.0
14-02-2026,Saturday,5th,02:00 PM,Database Management Systems,F_004,2,MCA,A,Room 203,60,33.0,55.0,68.33,2 Days,Theory,No,No,Yes,Sunny,No,15.0
14-02-2026,Saturday,6th,03:00 PM,Python Programming,F_010,2,MCA,B,Lab 101,60,,,88.33,3 Days,Practical,No,No,Yes,Rainy,No,12.0
16-02-2026,Monday,1st,09:00 AM,Web Development,F_009,2,MCA,B,Lab 102,60,46.0,76.67,85.0,2 Days,Practical,Yes,No,Yes,Sunny,No,6.0
16-02-2026,Monday,2nd,10:00 AM,Database Management Systems,F_004,2,MCA,B,Room 203,60,49.0,81.67,55.0,2 Days,Theory,Yes,No,Yes,Sunny,No,15.0
16-02-2026,Monday,3rd,11:15 AM,Database Management Systems,F_004,2,MCA,B,Room 203,60,50.0,83.33,81.67,3 Days,Theory,Yes,No,Yes,Sunny,No,6.0
16-02-2026,Monday,4th,12:15 PM,Web Development,F_009,2,MCA,B,Lab 102,60,57.0,95.0,76.67,2 Days,Practical,Yes,Yes,Yes,Sunny,No,15.0
17-02-2026,Tuesday,1st,09:00 AM,Machine Learning,F_007,2,MCA,A,Room 204,60,54.0,90.0,55.0,2 Days,Theory,Yes,No,No,Cloudy,No,12.0
17-02-2026,Tuesday,2nd,10:00 AM,Operating Systems,F_012,2,MCA,B,Room 203,60,43.0,71.67,65.0,1 Day,Theory,Yes,No,No,Rainy,No,15.0
17-02-2026,Tuesday,3rd,11:15 AM,Operating Systems,F_012,2,MCA,A,Room 203,60,50.0,83.33,71.67,2 Days,Theory,Yes,Yes,No,Cloudy,No,4.0
17-02-2026,Tuesday,4th,12:15 PM,Python Programming,F_010,2,MCA,B,Lab 101,60,57.0,95.0,56.67,1 Day,Practical,Yes,Yes,No,Rainy,No,12.0
17-02-2026,Tuesday,5th,02:00 PM,Database Management Systems,F_004,2,MCA,B,Room 203,60,43.0,71.67,83.33,2 Days,Theory,Yes,No,No,Rainy,No,12.0
17-02-2026,Tuesday,6th,03:00 PM,Database Management Systems,F_004,2,MCA,A,Room 203,60,34.0,56.67,71.67,2 Days,Theory,Yes,No,No,Cloudy,Yes,8.0
18-02-2026,Wednesday,1st,09:00 AM,Database Management Systems,F_004,2,MCA,A,Room 203,60,51.0,85.0,56.67,1 Day,Theory,Yes,No,No,Cloudy,No,8.0
18-02-2026,Wednesday,2nd,10:00 AM,Machine Learning,F_007,2,MCA,A,Room 204,60,55.0,91.67,90.0,3 Days,Theory,Yes,No,No,Sunny,No,12.0
18-02-2026,Wednesday,3rd,11:15 AM,Database Management Systems,F_004,2,MCA,B,Room 203,60,45.0,75.0,,3 Days,Theory,Yes,No,No,,No,8.0
18-02-2026,Wednesday,4th,12:15 PM,Web Development,F_009,2,MCA,A,Lab 102,60,59.0,98.33,95.0,2 Days,Practical,Yes,Yes,No,Sunny,No,8.0
18-02-2026,Wednesday,5th,02:00 PM,Machine Learning,F_007,2,MCA,B,Room 204,60,49.0,81.67,91.67,3 Days,Theory,Yes,No,No,Cloudy,No,15.0
19-02-2026,Thursday,1st,09:00 AM,Operating Systems,F_012,2,MCA,A,Room 203,60,50.0,83.33,83.33,2 Days,Theory,Yes,No,No,Cloudy,No,4.0
19-02-2026,Thursday,2nd,10:00 AM,Web Development,F_009,2,MCA,B,Lab 102,60,55.0,91.67,98.33,2 Days,Practical,Yes,No,No,Sunny,No,15.0
19-02-2026,Thursday,3rd,11:15 AM,Database Management Systems,F_004,2,MCA,A,Room 203,60,40.0,66.67,75.0,1 Day,Theory,Yes,No,No,Sunny,Yes,4.0
19-02-2026,Thursday,4th,12:15 PM,Operating Systems,F_012,2,MCA,B,Room 203,60,42.0,70.0,83.33,3 Days,Theory,Yes,No,No,Rainy,No,4.0
19-02-2026,Thursday,5th,02:00 PM,Web Development,F_009,2,MCA,B,Lab 102,60,52.0,86.67,91.67,2 Days,Practical,Yes,No,No,Sunny,No,15.0
20-02-2026,Friday,1st,09:00 AM,Database Management Systems,F_004,2,MCA,B,Room 203,60,53.0,88.33,66.67,2 Days,Theory,Yes,No,No,Cloudy,No,8.0
20-02-2026,Friday,2nd,10:00 AM,Machine Learning,F_007,2,MCA,B,Room 204,60,55.0,91.67,81.67,3 Days,Theory,Yes,No,No,Cloudy,No,15.0
20-02-2026,Friday,3rd,11:15 AM,Machine Learning,F_007,2,MCA,B,Room 204,60,54.0,90.0,91.67,3 Days,Theory,Yes,No,No,Sunny,No,8.0
20-02-2026,Friday,4th,12:15 PM,Software Engineering,F_003,2,MCA,A,Room 205,60,46.0,76.67,63.33,3 Days,Theory,Yes,No,No,Sunny,No,8.0
21-02-2026,Saturday,1st,09:00 AM,Python Programming,F_010,2,MCA,A,Lab 101,60,48.0,80.0,95.0,1 Day,Practical,Yes,No,Yes,Sunny,No,4.0
21-02-2026,Saturday,2nd,10:00 AM,Web Development,F_009,2,MCA,B,Lab 102,60,50.0,83.33,86.67,2 Days,Practical,Yes,No,Yes,Sunny,No,12.0
21-02-2026,Saturday,3rd,11:15 AM,Software Engineering,F_003,2,MCA,B,Room 205,60,52.0,86.67,76.67,3 Days,Theory,Yes,Yes,Yes,Sunny,No,6.0
21-02-2026,Saturday,4th,12:15 PM,Database Management Systems,F_004,2,MCA,B,Room 203,60,46.0,76.67,88.33,2 Days,Theory,Yes,No,Yes,Sunny,No,12.0
23-02-2026,Monday,1st,09:00 AM,Python Programming,F_010,2,MCA,A,Lab 101,60,41.0,68.33,80.0,2 Days,Practical,No,No,Yes,Sunny,No,8.0
23-02-2026,Monday,2nd,10:00 AM,Web Development,F_009,2,MCA,A,Lab 102,60,46.0,76.67,83.33,1 Day,Practical,No,No,Yes,Sunny,No,8.0
23-02-2026,Monday,3rd,11:15 AM,Python Programming,F_010,2,MCA,B,Lab 101,60,,,68.33,1 Day,Practical,No,No,Yes,Cloudy,No,6.0
23-02-2026,Monday,4th,12:15 PM,Operating Systems,F_012,2,MCA,A,Room 203,60,37.0,61.67,70.0,1 Day,Theory,No,No,Yes,Sunny,No,4.0
24-02-2026,Tuesday,1st,09:00 AM,Database Management Systems,F_004,2,MCA,B,Room 203,60,38.0,63.33,76.67,3 Days,Theory,No,No,Yes,Cloudy,No,8.0
24-02-2026,Tuesday,2nd,10:00 AM,Software Engineering,F_003,2,MCA,B,Room 205,60,39.0,65.0,86.67,2 Days,Theory,No,No,Yes,Sunny,No,6.0
24-02-2026,Tuesday,3rd,11:15 AM,Software Engineering,F_003,2,MCA,B,Room 205,60,43.0,71.67,65.0,1 Day,Theory,No,Yes,Yes,Cloudy,No,6.0
24-02-2026,Tuesday,4th,12:15 PM,Operating Systems,F_012,2,MCA,B,Room 203,60,34.0,56.67,61.67,1 Day,Theory,No,No,Yes,Rainy,No,6.0
24-02-2026,Tuesday,5th,02:00 PM,Web Development,F_009,2,MCA,A,Lab 102,60,37.0,61.67,76.67,1 Day,Practical,No,No,Yes,Sunny,No,4.0
25-02-2026,Wednesday,1st,09:00 AM,Operating Systems,F_012,2,MCA,A,Room 203,60,48.0,80.0,56.67,1 Day,Theory,No,Yes,No,Sunny,No,12.0
25-02-2026,Wednesday,2nd,10:00 AM,Operating Systems,F_012,2,MCA,B,Room 203,60,42.0,70.0,80.0,3 Days,Theory,No,Yes,No,Rainy,No,4.0
25-02-2026,Wednesday,3rd,11:15 AM,Machine Learning,F_007,2,MCA,A,Room 204,60,47.0,78.33,90.0,2 Days,Theory,No,No,No,Sunny,No,4.0
25-02-2026,Wednesday,4th,12:15 PM,Web Development,F_009,2,MCA,A,Lab 102,60,49.0,81.67,61.67,1 Day,Practical,No,No,No,Sunny,No,12.0
25-02-2026,Wednesday,5th,02:00 PM,Database Management Systems,F_004,2,MCA,A,Room 203,60,31.0,51.67,63.33,2 Days,Theory,No,No,No,Rainy,No,12.0
25-02-2026,Wednesday,6th,03:00 PM,Software Engineering,F_003,2,MCA,A,Room 205,60,38.0,63.33,71.67,2 Days,Theory,No,No,No,Sunny,No,15.0
26-02-2026,Thursday,1st,09:00 AM,Machine Learning,F_007,2,MCA,A,Room 204,60,41.0,68.33,78.33,1 Day,Theory,No,No,No,Rainy,No,6.0
26-02-2026,Thursday,2nd,10:00 AM,Software Engineering,F_003,2,MCA,A,Room 205,60,43.0,71.67,63.33,3 Days,Theory,No,No,No,Sunny,No,12.0
26-02-2026,Thursday,3rd,11:15 AM,Database Management Systems,F_004,2,MCA,A,Room 203,60,46.0,76.67,51.67,3 Days,Theory,No,No,No,Sunny,No,12.0
26-02-2026,Thursday,4th,12:15 PM,Database Management Systems,F_004,2,MCA,A,Room 203,60,41.0,68.33,76.67,1 Day,Theory,No,No,No,Rainy,No,15.0
27-02-2026,Friday,1st,09:00 AM,Database Management Systems,F_004,2,MCA,A,Room 203,60,45.0,75.0,68.33,1 Day,Theory,No,No,No,Cloudy,No,8.0
27-02-2026,Friday,2nd,10:00 AM,Software Engineering,F_003,2,MCA,A,Room 205,60,37.0,61.67,71.67,3 Days,Theory,No,No,No,Rainy,No,4.0
27-02-2026,Friday,3rd,11:15 AM,Software Engineering,F_003,2,MCA,B,Room 205,60,25.0,41.67,61.67,3 Days,Theory,No,No,No,Rainy,Yes,8.0
27-02-2026,Friday,4th,12:15 PM,Operating Systems,F_012,2,MCA,A,Room 203,60,44.0,73.33,70.0,2 Days,Theory,No,Yes,No,Rainy,No,15.0
27-02-2026,Friday,5th,02:00 PM,Operating Systems,F_012,2,MCA,A,Room 203,60,34.0,56.67,73.33,3 Days,Theory,No,No,No,Rainy,No,15.0
28-02-2026,Saturday,1st,09:00 AM,Machine Learning,F_007,2,MCA,A,Room 204,60,48.0,80.0,68.33,3 Days,Theory,No,Yes,Yes,Sunny,No,12.0
28-02-2026,Saturday,2nd,10:00 AM,Operating Systems,F_012,2,MCA,A,Room 203,60,40.0,66.67,56.67,1 Day,Theory,No,No,Yes,Cloudy,No,4.0
28-02-2026,Saturday,3rd,11:15 AM,Software Engineering,F_003,2,MCA,B,Room 205,60,32.0,53.33,41.67,3 Days,Theory,No,No,Yes,Rainy,No,15.0
28-02-2026,Saturday,4th,12:15 PM,Operating Systems,F_012,2,MCA,B,Room 203,60,37.0,61.67,66.67,3 Days,Theory,No,No,Yes,,No,8.0
28-02-2026,Saturday,5th,02:00 PM,Machine Learning,F_007,2,MCA,B,Room 204,60,34.0,56.67,80.0,3 Days,Theory,No,No,Yes,Cloudy,No,4.0
02-03-2026,Monday,1st,09:00 AM,Database Management Systems,F_004,2,MCA,B,Room 203,60,35.0,58.33,75.0,2 Days,Theory,No,No,Yes,Sunny,No,6.0
02-03-2026,Monday,2nd,10:00 AM,Software Engineering,F_003,2,MCA,A,Room 205,60,31.0,51.67,53.33,1 Day,Theory,No,No,Yes,Rainy,No,8.0
02-03-2026,Monday,3rd,11:15 AM,Web Development,F_009,2,MCA,A,Lab 102,60,47.0,78.33,81.67,1 Day,Practical,No,Yes,Yes,Sunny,No,4.0
02-03-2026,Monday,4th,12:15 PM,Python Programming,F_010,2,MCA,B,Lab 101,60,38.0,63.33,75.0,3 Days,Practical,No,No,Yes,Rainy,No,15.0
02-03-2026,Monday,5th,02:00 PM,Python Programming,F_010,2,MCA,A,Lab 101,60,27.0,45.0,63.33,3 Days,Practical,No,Yes,Yes,Rainy,Yes,15.0
03-03-2026,Tuesday,1st,09:00 AM,Web Development,F_009,2,MCA,B,Lab 102,60,53.0,88.33,78.33,2 Days,Practical,No,Yes,No,Sunny,No,8.0
03-03-2026,Tuesday,2nd,10:00 AM,Operating Systems,F_012,2,MCA,A,Room 203,60,44.0,73.33,61.67,2 Days,Theory,No,No,No,Sunny,No,6.0
03-03-2026,Tuesday,3rd,11:15 AM,Software Engineering,F_003,2,MCA,A,Room 205,60,42.0,70.0,51.67,2 Days,Theory,No,No,No,Sunny,No,12.0
03-03-2026,Tuesday,4th,12:15 PM,Software Engineering,F_003,2,MCA,A,Room 205,60,47.0,78.33,70.0,3 Days,Theory,No,Yes,No,Sunny,No,12.0
04-03-2026,Wednesday,1st,09:00 AM,Database Management Systems,F_004,2,MCA,A,Room 203,60,41.0,68.33,58.33,3 Days,Theory,No,No,No,Rainy,No,4.0
04-03-2026,Wednesday,2nd,10:00 AM,Database Management Systems,F_004,2,MCA,B,Room 203,60,40.0,66.67,68.33,3 Days,Theory,No,No,No,Cloudy,Yes,6.0
04-03-2026,Wednesday,3rd,11:15 AM,Python Programming,F_010,2,MCA,B,Lab 101,60,51.0,85.0,45.0,3 Days,Practical,No,No,No,Sunny,No,12.0
04-03-2026,Wednesday,4th,12:15 PM,Operating Systems,F_012,2,MCA,B,Room 203,60,44.0,73.33,73.33,3 Days,Theory,No,No,No,Sunny,No,4.0
05-03-2026,Thursday,1st,09:00 AM,Database Management Systems,F_004,2,MCA,A,Room 203,60,43.0,71.67,66.67,3 Days,Theory,No,No,Yes,Cloudy,No,15.0
05-03-2026,Thursday,2nd,10:00 AM,Software Engineering,F_003,2,MCA,B,Room 205,60,32.0,53.33,78.33,3 Days,Theory,No,No,Yes,Rainy,No,8.0
05-03-2026,Thursday,3rd,11:15 AM,Python Programming,F_010,2,MCA,A,Lab 101,60,45.0,75.0,85.0,1 Day,Practical,No,No,Yes,Cloudy,No,4.0
05-03-2026,Thursday,4th,12:15 PM,Software Engineering,F_003,2,MCA,A,Room 205,60,39.0,65.0,53.33,2 Days,Theory,No,No,Yes,Cloudy,No,4.0
05-03-2026,Thursday,5th,02:00 PM,Database Management Systems,F_004,2,MCA,B,Room 203,60,39.0,65.0,71.67,3 Days,Theory,No,Yes,Yes,Rainy,No,15.0
06-03-2026,Friday,1st,09:00 AM,Machine Learning,F_007,2,MCA,A,Room 204,60,48.0,80.0,56.67,1 Day,Theory,No,No,No,Sunny,No,
06-03-2026,Friday,2nd,10:00 AM,Software Engineering,F_003,2,MCA,A,Room 205,60,40.0,66.67,65.0,2 Days,Theory,No,No,No,Sunny,No,8.0
06-03-2026,Friday,3rd,11:15 AM,Operating Systems,F_012,2,MCA,A,Room 203,60,42.0,70.0,73.33,2 Days,Theory,No,No,No,Cloudy,No,4.0
06-03-2026,Friday,4th,12:15 PM,Software Engineering,F_003,2,MCA,B,Room 205,60,40.0,66.67,66.67,2 Days,Theory,No,No,No,Sunny,No,6.0
07-03-2026,Saturday,1st,09:00 AM,Web Development,F_009,2,MCA,A,Lab 102,60,41.0,68.33,88.33,3 Days,Practical,No,No,Yes,Cloudy,No,12.0
07-03-2026,Saturday,2nd,10:00 AM,Operating Systems,F_012,2,MCA,A,Room 203,60,33.0,55.0,70.0,3 Days,Theory,No,No,Yes,Rainy,No,8.0
07-03-2026,Saturday,3rd,11:15 AM,Machine Learning,F_007,2,MCA,A,Room 204,60,39.0,65.0,80.0,1 Day,Theory,No,No,Yes,Rainy,No,15.0
07-03-2026,Saturday,4th,12:15 PM,Software Engineering,F_003,2,MCA,B,Room 205,60,40.0,66.67,66.67,3 Days,Theory,No,No,Yes,Sunny,No,8.0
07-03-2026,Saturday,5th,02:00 PM,Software Engineering,F_003,2,MCA,B,Room 205,60,33.0,55.0,66.67,3 Days,Theory,No,No,Yes,Cloudy,No,6.0
09-03-2026,Monday,1st,09:00 AM,Operating Systems,F_012,2,MCA,A,Room 203,60,26.0,43.33,55.0,3 Days,Theory,No,No,Yes,Rainy,No,8.0
09-03-2026,Monday,2nd,10:00 AM,Software Engineering,F_003,2,MCA,B,Room 205,60,37.0,61.67,55.0,3 Days,Theory,No,No,Yes,Sunny,No,
09-03-2026,Monday,3rd,11:15 AM,Machine Learning,F_007,2,MCA,A,Room 204,60,38.0,63.33,65.0,2 Days,Theory,No,No,Yes,Rainy,No,4.0
09-03-2026,Monday,4th,12:15 PM,Operating Systems,F_012,2,MCA,A,Room 203,60,32.0,53.33,43.33,3 Days,Theory,No,No,Yes,Rainy,No,15.0
09-03-2026,Monday,5th,02:00 PM,Machine Learning,F_007,2,MCA,B,Room 204,60,38.0,63.33,63.33,2 Days,Theory,No,No,Yes,Sunny,No,6.0
09-03-2026,Monday,6th,03:00 PM,Machine Learning,F_007,2,MCA,B,Room 204,60,33.0,55.0,63.33,2 Days,Theory,No,No,Yes,Rainy,No,12.0
10-03-2026,Tuesday,1st,09:00 AM,Database Management Systems,F_004,2,MCA,B,Room 203,60,45.0,75.0,65.0,1 Day,Theory,No,No,No,Sunny,No,15.0
10-03-2026,Tuesday,2nd,10:00 AM,Operating Systems,F_012,2,MCA,A,Room 203,60,37.0,61.67,53.33,3 Days,Theory,No,No,No,Rainy,No,
10-03-2026,Tuesday,3rd,11:15 AM,Operating Systems,F_012,2,MCA,A,Room 203,60,31.0,51.67,61.67,1 Day,Theory,No,No,No,Rainy,Yes,6.0
10-03-2026,Tuesday,4th,12:15 PM,Web Development,F_009,2,MCA,B,Lab 102,60,51.0,85.0,68.33,2 Days,Practical,No,No,No,Cloudy,No,4.0
10-03-2026,Tuesday,5th,02:00 PM,Web Development,F_009,2,MCA,B,Lab 102,60,44.0,73.33,85.0,2 Days,Practical,No,No,No,Cloudy,No,15.0
10-03-2026,Tuesday,6th,03:00 PM,Web Development,F_009,2,MCA,A,Lab 102,60,44.0,73.33,73.33,1 Day,Practical,No,No,No,Cloudy,No,15.0
11-03-2026,Wednesday,1st,09:00 AM,Machine Learning,F_007,2,MCA,A,Room 204,60,42.0,70.0,55.0,3 Days,Theory,No,No,No,Rainy,No,6.0
11-03-2026,Wednesday,2nd,10:00 AM,Web Development,F_009,2,MCA,B,Lab 102,60,51.0,85.0,73.33,2 Days,Practical,No,No,No,Cloudy,No,8.0
11-03-2026,Wednesday,3rd,11:15 AM,Python Programming,F_010,2,MCA,B,Lab 101,60,50.0,83.33,75.0,3 Days,Practical,No,No,No,Sunny,No,15.0
11-03-2026,Wednesday,4th,12:15 PM,Software Engineering,F_003,2,MCA,B,Room 205,60,40.0,66.67,61.67,3 Days,Theory,No,No,No,Rainy,No,4.0
12-03-2026,Thursday,1st,09:00 AM,Web Development,F_009,2,MCA,B,Lab 102,60,39.0,65.0,85.0,3 Days,Practical,No,No,Yes,Rainy,No,12.0
12-03-2026,Thursday,2nd,10:00 AM,Web Development,F_009,2,MCA,A,Lab 102,60,46.0,76.67,65.0,3 Days,Practical,No,No,Yes,Sunny,No,12.0
12-03-2026,Thursday,3rd,11:15 AM,Machine Learning,F_007,2,MCA,A,Room 204,60,46.0,76.67,70.0,1 Day,Theory,No,No,Yes,Sunny,No,8.0
12-03-2026,Thursday,4th,12:15 PM,Database Management Systems,F_004,2,MCA,A,Room 203,60,42.0,70.0,75.0,3 Days,Theory,No,No,Yes,Cloudy,No,15.0
13-03-2026,Friday,1st,09:00 AM,Web Development,F_009,2,MCA,B,Lab 102,60,53.0,88.33,76.67,2 Days,Practical,No,No,No,Cloudy,No,6.0
13-03-2026,Friday,2nd,10:00 AM,Machine Learning,F_007,2,MCA,A,Room 204,60,50.0,83.33,76.67,1 Day,Theory,No,No,No,Sunny,No,12.0
13-03-2026,Friday,3rd,11:15 AM,Software Engineering,F_003,2,MCA,B,Room 205,60,43.0,71.67,66.67,1 Day,Theory,No,No,No,Sunny,No,8.0
13-03-2026,Friday,4th,12:15 PM,Operating Systems,F_012,2,MCA,A,Room 203,60,47.0,78.33,51.67,2 Days,Theory,No,Yes,No,Cloudy,No,12.0
14-03-2026,Saturday,1st,09:00 AM,Web Development,F_009,2,MCA,A,Lab 102,60,43.0,71.67,88.33,2 Days,Practical,No,No,Yes,Cloudy,No,12.0
14-03-2026,Saturday,2nd,10:00 AM,Software Engineering,F_003,2,MCA,A,Room 205,60,38.0,63.33,71.67,2 Days,Theory,No,No,Yes,Cloudy,No,15.0
14-03-2026,Saturday,3rd,11:15 AM,Operating Systems,F_012,2,MCA,B,Room 203,60,38.0,63.33,78.33,1 Day,Theory,No,No,Yes,Cloudy,No,15.0
14-03-2026,Saturday,4th,12:15 PM,Software Engineering,F_003,2,MCA,B,Room 205,60,40.0,66.67,63.33,1 Day,Theory,No,No,Yes,Sunny,No,12.0
14-03-2026,Saturday,5th,02:00 PM,Operating Systems,F_012,2,MCA,A,Room 203,60,30.0,50.0,63.33,3 Days,Theory,No,Yes,Yes,Rainy,No,6.0
16-03-2026,Monday,1st,09:00 AM,Software Engineering,F_003,2,MCA,A,Room 205,60,35.0,58.33,66.67,3 Days,Theory,No,No,Yes,Sunny,No,8.0
16-03-2026,Monday,2nd,10:00 AM,Python Programming,F_010,2,MCA,B,Lab 101,60,42.0,70.0,83.33,3 Days,Practical,No,No,Yes,Sunny,No,6.0
16-03-2026,Monday,3rd,11:15 AM,Python Programming,F_010,2,MCA,A,Lab 101,60,43.0,71.67,70.0,1 Day,Practical,No,No,Yes,Rainy,No,12.0
16-03-2026,Monday,4th,12:15 PM,Machine Learning,F_007,2,MCA,A,Room 204,60,,,83.33,3 Days,Theory,No,No,Yes,Cloudy,No,6.0
16-03-2026,Monday,5th,02:00 PM,Web Development,F_009,2,MCA,A,Lab 102,60,32.0,53.33,71.67,3 Days,Practical,No,No,Yes,Rainy,No,6.0
17-03-2026,Tuesday,1st,09:00 AM,Database Management Systems,F_004,2,MCA,A,Room 203,60,38.0,63.33,70.0,2 Days,Theory,No,No,No,Rainy,No,12.0
17-03-2026,Tuesday,2nd,10:00 AM,Database Management Systems,F_004,2,MCA,A,Room 203,60,47.0,78.33,63.33,3 Days,Theory,No,No,No,Cloudy,No,4.0
17-03-2026,Tuesday,3rd,11:15 AM,Web Development,F_009,2,MCA,A,Lab 102,60,48.0,80.0,53.33,3 Days,Practical,No,No,No,Sunny,No,8.0
17-03-2026,Tuesday,4th,12:15 PM,Operating Systems,F_012,2,MCA,A,Room 203,60,43.0,71.67,50.0,1 Day,Theory,No,No,No,Sunny,No,15.0
18-03-2026,Wednesday,1st,09:00 AM,Database Management Systems,F_004,2,MCA,A,Room 203,60,40.0,66.67,78.33,2 Days,Theory,No,No,No,Rainy,No,6.0
18-03-2026,Wednesday,2nd,10:00 AM,Web Development,F_009,2,MCA,B,Lab 102,60,55.0,91.67,80.0,2 Days,Practical,No,Yes,No,Cloudy,No,4.0
18-03-2026,Wednesday,3rd,11:15 AM,Operating Systems,F_012,2,MCA,A,Room 203,60,42.0,70.0,71.67,3 Days,Theory,No,No,No,,No,15.0
18-03-2026,Wednesday,4th,12:15 PM,Machine Learning,F_007,2,MCA,A,Room 204,60,52.0,86.67,66.67,3 Days,Theory,No,Yes,No,Sunny,No,6.0
18-03-2026,Wednesday,5th,02:00 PM,Machine Learning,F_007,2,MCA,A,Room 204,60,45.0,75.0,86.67,2 Days,Theory,No,No,No,Sunny,No,4.0
19-03-2026,Thursday,1st,09:00 AM,Software Engineering,F_003,2,MCA,B,Room 205,60,36.0,60.0,58.33,3 Days,Theory,No,No,No,Sunny,Yes,6.0
19-03-2026,Thursday,2nd,10:00 AM,Web Development,F_009,2,MCA,B,Lab 102,60,52.0,86.67,91.67,3 Days,Practical,No,No,No,Cloudy,No,6.0
19-03-2026,Thursday,3rd,11:15 AM,Software Engineering,F_003,2,MCA,B,Room 205,60,42.0,70.0,60.0,2 Days,Theory,No,No,No,Sunny,No,12.0
19-03-2026,Thursday,4th,12:15 PM,Software Engineering,F_003,2,MCA,A,Room 205,60,40.0,66.67,70.0,2 Days,Theory,No,No,No,Sunny,No,15.0
19-03-2026,Thursday,5th,02:00 PM,Machine Learning,F_007,2,MCA,A,Room 204,60,40.0,66.67,75.0,1 Day,Theory,No,No,No,Sunny,No,4.0
19-03-2026,Thursday,6th,03:00 PM,Database Management Systems,F_004,2,MCA,B,Room 203,60,,,66.67,1 Day,Theory,No,Yes,No,Cloudy,No,6.0
20-03-2026,Friday,1st,09:00 AM,Operating Systems,F_012,2,MCA,A,Room 203,60,43.0,71.67,70.0,3 Days,Theory,No,No,No,Cloudy,No,4.0
20-03-2026,Friday,2nd,10:00 AM,Database Management Systems,F_004,2,MCA,B,Room 203,60,47.0,78.33,,2 Days,Theory,No,No,No,Sunny,No,4.0
20-03-2026,Friday,3rd,11:15 AM,Machine Learning,F_007,2,MCA,B,Room 204,60,38.0,63.33,66.67,2 Days,Theory,No,Yes,No,Rainy,Yes,6.0
20-03-2026,Friday,4th,12:15 PM,Database Management Systems,F_004,2,MCA,B,Room 203,60,44.0,73.33,78.33,1 Day,Theory,No,No,No,Sunny,No,12.0
21-03-2026,Saturday,1st,09:00 AM,Software Engineering,F_003,2,MCA,B,Room 205,60,24.0,40.0,66.67,3 Days,Theory,No,No,Yes,,Yes,12.0
21-03-2026,Saturday,2nd,10:00 AM,Python Programming,F_010,2,MCA,B,Lab 101,60,45.0,75.0,71.67,1 Day,Practical,No,No,Yes,Sunny,No,4.0
21-03-2026,Saturday,3rd,11:15 AM,Software Engineering,F_003,2,MCA,A,Room 205,60,36.0,60.0,40.0,3 Days,Theory,No,No,Yes,Rainy,No,4.0
21-03-2026,Saturday,4th,12:15 PM,Web Development,F_009,2,MCA,B,Lab 102,60,42.0,70.0,86.67,1 Day,Practical,No,No,Yes,Rainy,No,6.0
21-03-2026,Saturday,5th,02:00 PM,Software Engineering,F_003,2,MCA,A,Room 205,60,36.0,60.0,60.0,1 Day,Theory,No,No,Yes,Cloudy,No,8.0
21-03-2026,Saturday,6th,03:00 PM,Database Management Systems,F_004,2,MCA,A,Room 203,60,,,73.33,1 Day,Theory,No,Yes,Yes,Rainy,No,12.0
23-03-2026,Monday,1st,09:00 AM,Database Management Systems,F_004,2,MCA,A,Room 203,60,35.0,58.33,55.0,1 Day,Theory,No,No,Yes,Cloudy,No,15.0
23-03-2026,Monday,2nd,10:00 AM,Machine Learning,F_007,2,MCA,B,Room 204,60,44.0,73.33,63.33,1 Day,Theory,No,No,Yes,Sunny,No,8.0
23-03-2026,Monday,3rd,11:15 AM,Web Development,F_009,2,MCA,A,Lab 102,60,45.0,75.0,70.0,1 Day,Practical,No,No,Yes,Sunny,No,4.0
23-03-2026,Monday,4th,12:15 PM,Database Management Systems,F_004,2,MCA,A,Room 203,60,32.0,53.33,58.33,3 Days,Theory,No,No,Yes,Rainy,No,4.0
24-03-2026,Tuesday,1st,09:00 AM,Operating Systems,F_012,2,MCA,B,Room 203,60,41.0,68.33,71.67,1 Day,Theory,No,No,No,Sunny,No,8.0
24-03-2026,Tuesday,2nd,10:00 AM,Python Programming,F_010,2,MCA,A,Lab 101,60,46.0,76.67,75.0,2 Days,Practical,No,No,No,Rainy,No,12.0
24-03-2026,Tuesday,3rd,11:15 AM,Machine Learning,F_007,2,MCA,A,Room 204,60,46.0,76.67,73.33,1 Day,Theory,No,No,No,Sunny,No,12.0
24-03-2026,Tuesday,4th,12:15 PM,Software Engineering,F_003,2,MCA,B,Room 205,60,38.0,63.33,60.0,1 Day,Theory,No,No,No,Rainy,No,12.0
24-03-2026,Tuesday,5th,02:00 PM,Database Management Systems,F_004,2,MCA,B,Room 203,60,40.0,66.67,53.33,1 Day,Theory,No,No,No,Sunny,No,15.0
24-03-2026,Tuesday,6th,03:00 PM,Operating Systems,F_012,2,MCA,A,Room 203,60,32.0,53.33,68.33,3 Days,Theory,No,No,No,Rainy,No,15.0
25-03-2026,Wednesday,1st,09:00 AM,Python Programming,F_010,2,MCA,B,Lab 101,60,40.0,66.67,76.67,1 Day,Practical,No,No,Yes,Rainy,No,15.0
25-03-2026,Wednesday,2nd,10:00 AM,Web Development,F_009,2,MCA,B,Lab 102,60,46.0,76.67,75.0,3 Days,Practical,No,No,Yes,Sunny,No,6.0
25-03-2026,Wednesday,3rd,11:15 AM,Database Management Systems,F_004,2,MCA,A,Room 203,60,43.0,71.67,66.67,3 Days,Theory,No,No,Yes,Cloudy,No,8.0
25-03-2026,Wednesday,4th,12:15 PM,Web Development,F_009,2,MCA,A,Lab 102,60,44.0,73.33,76.67,2 Days,Practical,No,No,Yes,Rainy,No,6.0
25-03-2026,Wednesday,5th,02:00 PM,Web Development,F_009,2,MCA,B,Lab 102,60,44.0,73.33,73.33,1 Day,Practical,No,No,Yes,Cloudy,No,6.0
26-03-2026,Thursday,1st,09:00 AM,Web Development,F_009,2,MCA,B,Lab 102,60,44.0,73.33,73.33,2 Days,Practical,No,No,Yes,Sunny,No,15.0
26-03-2026,Thursday,2nd,10:00 AM,Web Development,F_009,2,MCA,B,Lab 102,60,52.0,86.67,73.33,3 Days,Practical,No,Yes,Yes,Cloudy,No,6.0
26-03-2026,Thursday,3rd,11:15 AM,Database Management Systems,F_004,2,MCA,B,Room 203,60,43.0,71.67,71.67,1 Day,Theory,No,No,Yes,Cloudy,No,15.0
26-03-2026,Thursday,4th,12:15 PM,Database Management Systems,F_004,2,MCA,A,Room 203,60,41.0,68.33,71.67,2 Days,Theory,No,No,Yes,Sunny,No,15.0
27-03-2026,Friday,1st,09:00 AM,Web Development,F_009,2,MCA,A,Lab 102,60,52.0,86.67,86.67,2 Days,Practical,No,No,No,Sunny,No,6.0
27-03-2026,Friday,2nd,10:00 AM,Machine Learning,F_007,2,MCA,B,Room 204,60,49.0,81.67,76.67,3 Days,Theory,No,No,No,,No,4.0
27-03-2026,Friday,3rd,11:15 AM,Operating Systems,F_012,2,MCA,A,Room 203,60,44.0,73.33,53.33,2 Days,Theory,No,Yes,No,Sunny,No,4.0
27-03-2026,Friday,4th,12:15 PM,Python Programming,F_010,2,MCA,B,Lab 101,60,42.0,70.0,66.67,2 Days,Practical,No,No,No,Rainy,No,12.0
27-03-2026,Friday,5th,02:00 PM,Python Programming,F_010,2,MCA,A,Lab 101,60,44.0,73.33,70.0,1 Day,Practical,No,No,No,Sunny,No,4.0
28-03-2026,Saturday,1st,09:00 AM,Machine Learning,F_007,2,MCA,B,Room 204,60,35.0,58.33,81.67,3 Days,Theory,No,No,Yes,Rainy,No,4.0
28-03-2026,Saturday,2nd,10:00 AM,Software Engineering,F_003,2,MCA,B,Room 205,60,43.0,71.67,63.33,1 Day,Theory,No,Yes,Yes,Sunny,No,12.0
28-03-2026,Saturday,3rd,11:15 AM,Software Engineering,F_003,2,MCA,B,Room 205,60,38.0,63.33,71.67,1 Day,Theory,No,No,Yes,Cloudy,No,8.0
28-03-2026,Saturday,4th,12:15 PM,Database Management Systems,F_004,2,MCA,A,Room 203,60,43.0,71.67,68.33,3 Days,Theory,No,Yes,Yes,Sunny,No,8.0
30-03-2026,Monday,1st,09:00 AM,Software Engineering,F_003,2,MCA,B,Room 205,60,35.0,58.33,63.33,2 Days,Theory,No,No,Yes,Sunny,No,4.0
30-03-2026,Monday,2nd,10:00 AM,Python Programming,F_010,2,MCA,B,Lab 101,60,42.0,70.0,73.33,2 Days,Practical,No,No,Yes,Rainy,No,12.0
30-03-2026,Monday,3rd,11:15 AM,Database Management Systems,F_004,2,MCA,B,Room 203,60,42.0,70.0,71.67,1 Day,Theory,No,No,Yes,Sunny,No,4.0
30-03-2026,Monday,4th,12:15 PM,Web Development,F_009,2,MCA,B,Lab 102,60,45.0,75.0,86.67,2 Days,Practical,No,No,Yes,Sunny,No,15.0
31-03-2026,Tuesday,1st,09:00 AM,Operating Systems,F_012,2,MCA,A,Room 203,60,38.0,63.33,73.33,3 Days,Theory,No,No,No,Rainy,No,4.0
31-03-2026,Tuesday,2nd,10:00 AM,Python Programming,F_010,2,MCA,B,Lab 101,60,41.0,68.33,70.0,1 Day,Practical,No,No,No,Rainy,No,6.0
31-03-2026,Tuesday,3rd,11:15 AM,Python Programming,F_010,2,MCA,A,Lab 101,60,47.0,78.33,68.33,3 Days,Practical,No,No,No,Rainy,No,6.0
31-03-2026,Tuesday,4th,12:15 PM,Python Programming,F_010,2,MCA,B,Lab 101,60,46.0,76.67,78.33,3 Days,Practical,No,No,No,Rainy,No,8.0
01-04-2026,Wednesday,1st,09:00 AM,Database Management Systems,F_004,2,MCA,B,Room 203,60,47.0,78.33,,1 Day,Theory,No,No,No,Sunny,No,15.0
01-04-2026,Wednesday,2nd,10:00 AM,Operating Systems,F_012,2,MCA,B,Room 203,60,39.0,65.0,63.33,1 Day,Theory,No,No,No,Rainy,No,12.0
01-04-2026,Wednesday,3rd,11:15 AM,Python Programming,F_010,2,MCA,B,Lab 101,60,49.0,81.67,76.67,3 Days,Practical,No,No,No,Cloudy,No,4.0
01-04-2026,Wednesday,4th,12:15 PM,Machine Learning,F_007,2,MCA,A,Room 204,60,55.0,91.67,58.33,3 Days,Theory,No,Yes,No,Cloudy,No,12.0
02-04-2026,Thursday,1st,09:00 AM,Operating Systems,F_012,2,MCA,A,Room 203,60,44.0,73.33,65.0,3 Days,Theory,No,No,No,Cloudy,No,12.0
02-04-2026,Thursday,2nd,10:00 AM,Operating Systems,F_012,2,MCA,A,Room 203,60,37.0,61.67,73.33,2 Days,Theory,No,No,No,Rainy,No,15.0
02-04-2026,Thursday,3rd,11:15 AM,Python Programming,F_010,2,MCA,A,Lab 101,60,44.0,73.33,81.67,3 Days,Practical,No,No,No,Rainy,No,15.0
02-04-2026,Thursday,4th,12:15 PM,Python Programming,F_010,2,MCA,B,Lab 101,60,44.0,73.33,73.33,3 Days,Practical,No,No,No,Rainy,No,8.0
02-04-2026,Thursday,5th,02:00 PM,Web Development,F_009,2,MCA,B,Lab 102,60,45.0,75.0,75.0,2 Days,Practical,No,No,No,Sunny,No,6.0
02-04-2026,Thursday,6th,03:00 PM,Web Development,F_009,2,MCA,A,Lab 102,60,42.0,70.0,75.0,3 Days,Practical,No,No,No,Cloudy,No,8.0
03-04-2026,Friday,1st,09:00 AM,Web Development,F_009,2,MCA,B,Lab 102,60,49.0,81.67,,3 Days,Practical,No,No,No,Sunny,No,6.0
03-04-2026,Friday,2nd,10:00 AM,Web Development,F_009,2,MCA,A,Lab 102,60,55.0,91.67,81.67,3 Days,Practical,No,Yes,No,Sunny,No,6.0
03-04-2026,Friday,3rd,11:15 AM,Machine Learning,F_007,2,MCA,B,Room 204,60,50.0,83.33,91.67,2 Days,Theory,No,No,No,Cloudy,No,8.0
03-04-2026,Friday,4th,12:15 PM,Operating Systems,F_012,2,MCA,B,Room 203,60,36.0,60.0,,3 Days,Theory,No,No,No,Rainy,No,15.0
04-04-2026,Saturday,1st,09:00 AM,Software Engineering,F_003,2,MCA,B,Room 205,60,34.0,56.67,58.33,2 Days,Theory,No,No,Yes,Cloudy,No,4.0
04-04-2026,Saturday,2nd,10:00 AM,Machine Learning,F_007,2,MCA,B,Room 204,60,44.0,73.33,83.33,1 Day,Theory,No,No,Yes,Cloudy,No,15.0
04-04-2026,Saturday,3rd,11:15 AM,Software Engineering,F_003,2,MCA,B,Room 205,60,38.0,63.33,,2 Days,Theory,No,No,Yes,Sunny,No,12.0
04-04-2026,Saturday,4th,12:15 PM,Software Engineering,F_003,2,MCA,B,Room 205,60,43.0,71.67,63.33,3 Days,Theory,No,Yes,Yes,Sunny,No,6.0
04-04-2026,Saturday,5th,02:00 PM,Web Development,F_009,2,MCA,A,Lab 102,60,43.0,71.67,91.67,1 Day,Practical,No,No,Yes,Sunny,No,15.0
04-04-2026,Saturday,6th,03:00 PM,Software Engineering,F_003,2,MCA,B,Room 205,60,33.0,55.0,71.67,3 Days,Theory,No,No,Yes,Sunny,No,6.0
06-04-2026,Monday,1st,09:00 AM,Web Development,F_009,2,MCA,A,Lab 102,60,44.0,73.33,71.67,3 Days,Practical,No,No,Yes,Sunny,No,15.0
06-04-2026,Monday,2nd,10:00 AM,Software Engineering,F_003,2,MCA,B,Room 205,60,35.0,58.33,55.0,1 Day,Theory,No,No,Yes,Cloudy,No,6.0
06-04-2026,Monday,3rd,11:15 AM,Database Management Systems,F_004,2,MCA,A,Room 203,60,39.0,65.0,78.33,2 Days,Theory,No,No,Yes,Sunny,No,12.0
06-04-2026,Monday,4th,12:15 PM,Python Programming,F_010,2,MCA,A,Lab 101,60,44.0,73.33,73.33,3 Days,Practical,No,No,Yes,Sunny,No,6.0
06-04-2026,Monday,5th,02:00 PM,Database Management Systems,F_004,2,MCA,B,Room 203,60,34.0,56.67,65.0,2 Days,Theory,No,No,Yes,Rainy,No,12.0
07-04-2026,Tuesday,1st,09:00 AM,Database Management Systems,F_004,2,MCA,A,Room 203,60,49.0,81.67,56.67,1 Day,Theory,No,Yes,No,Sunny,No,6.0
07-04-2026,Tuesday,2nd,10:00 AM,Python Programming,F_010,2,MCA,B,Lab 101,60,51.0,85.0,73.33,2 Days,Practical,No,No,No,Cloudy,No,4.0
07-04-2026,Tuesday,3rd,11:15 AM,Software Engineering,F_003,2,MCA,B,Room 205,60,44.0,73.33,,2 Days,Theory,No,No,No,Cloudy,No,6.0
07-04-2026,Tuesday,4th,12:15 PM,Machine Learning,F_007,2,MCA,A,Room 204,60,47.0,78.33,73.33,1 Day,Theory,No,No,No,Sunny,No,12.0
07-04-2026,Tuesday,5th,02:00 PM,Database Management Systems,F_004,2,MCA,A,Room 203,60,38.0,63.33,81.67,2 Days,Theory,No,No,No,Sunny,No,4.0
07-04-2026,Tuesday,6th,03:00 PM,Web Development,F_009,2,MCA,B,Lab 102,60,44.0,73.33,73.33,1 Day,Practical,No,No,No,Sunny,No,4.0
08-04-2026,Wednesday,1st,09:00 AM,Operating Systems,F_012,2,MCA,A,Room 203,60,43.0,71.67,60.0,2 Days,Theory,No,No,No,Sunny,No,4.0
08-04-2026,Wednesday,2nd,10:00 AM,Software Engineering,F_003,2,MCA,A,Room 205,60,43.0,71.67,73.33,3 Days,Theory,No,No,No,Sunny,No,4.0
08-04-2026,Wednesday,3rd,11:15 AM,Machine Learning,F_007,2,MCA,A,Room 204,60,54.0,90.0,,1 Day,Theory,No,Yes,No,,No,15.0
08-04-2026,Wednesday,4th,12:15 PM,Machine Learning,F_007,2,MCA,B,Room 204,60,50.0,83.33,90.0,2 Days,Theory,No,No,No,Cloudy,No,15.0
08-04-2026,Wednesday,5th,02:00 PM,Machine Learning,F_007,2,MCA,A,Room 204,60,41.0,68.33,83.33,3 Days,Theory,No,No,No,Sunny,No,4.0
09-04-2026,Thursday,1st,09:00 AM,Software Engineering,F_003,2,MCA,A,Room 205,60,41.0,68.33,71.67,2 Days,Theory,No,No,No,Cloudy,No,12.0
09-04-2026,Thursday,2nd,10:00 AM,Python Programming,F_010,2,MCA,A,Lab 101,60,48.0,80.0,85.0,3 Days,Practical,No,No,No,Sunny,No,8.0
09-04-2026,Thursday,3rd,11:15 AM,Python Programming,F_010,2,MCA,B,Lab 101,60,38.0,63.33,80.0,3 Days,Practical,No,No,No,Sunny,Yes,6.0
09-04-2026,Thursday,4th,12:15 PM,Web Development,F_009,2,MCA,B,Lab 102,60,,,73.33,1 Day,Practical,No,No,No,Sunny,No,8.0
10-04-2026,Friday,1st,09:00 AM,Operating Systems,F_012,2,MCA,A,Room 203,60,43.0,71.67,71.67,1 Day,Theory,Yes,No,No,Rainy,No,6.0
10-04-2026,Friday,2nd,10:00 AM,Python Programming,F_010,2,MCA,A,Lab 101,60,49.0,81.67,63.33,1 Day,Practical,Yes,No,No,Rainy,No,12.0
10-04-2026,Friday,3rd,11:15 AM,Operating Systems,F_012,2,MCA,A,Room 203,60,48.0,80.0,71.67,1 Day,Theory,Yes,No,No,Sunny,No,12.0
10-04-2026,Friday,4th,12:15 PM,Software Engineering,F_003,2,MCA,A,Room 205,60,48.0,80.0,68.33,3 Days,Theory,Yes,No,No,Sunny,No,8.0
10-04-2026,Friday,5th,02:00 PM,Operating Systems,F_012,2,MCA,A,Room 203,60,47.0,78.33,80.0,1 Day,Theory,Yes,No,No,Sunny,No,12.0
11-04-2026,Saturday,1st,09:00 AM,Software Engineering,F_003,2,MCA,B,Room 205,60,37.0,61.67,,1 Day,Theory,Yes,No,Yes,Rainy,No,6.0
11-04-2026,Saturday,2nd,10:00 AM,Operating Systems,F_012,2,MCA,B,Room 203,60,42.0,70.0,78.33,2 Days,Theory,Yes,No,Yes,Sunny,No,15.0
11-04-2026,Saturday,3rd,11:15 AM,Software Engineering,F_003,2,MCA,B,Room 205,60,43.0,71.67,,3 Days,Theory,Yes,No,Yes,Sunny,No,4.0
11-04-2026,Saturday,4th,12:15 PM,Web Development,F_009,2,MCA,B,Lab 102,60,48.0,80.0,81.67,1 Day,Practical,Yes,No,Yes,Rainy,No,8.0
13-04-2026,Monday,1st,09:00 AM,Software Engineering,F_003,2,MCA,A,Room 205,60,32.0,53.33,71.67,1 Day,Theory,Yes,No,Yes,Rainy,No,6.0
13-04-2026,Monday,2nd,10:00 AM,Python Programming,F_010,2,MCA,A,Lab 101,60,48.0,80.0,81.67,1 Day,Practical,Yes,No,Yes,Rainy,No,12.0
13-04-2026,Monday,3rd,11:15 AM,Operating Systems,F_012,2,MCA,A,Room 203,60,43.0,71.67,70.0,2 Days,Theory,Yes,No,Yes,Sunny,No,4.0
13-04-2026,Monday,4th,12:15 PM,Operating Systems,F_012,2,MCA,B,Room 203,60,44.0,73.33,71.67,3 Days,Theory,Yes,No,Yes,Sunny,No,4.0
13-04-2026,Monday,5th,02:00 PM,Web Development,F_009,2,MCA,B,Lab 102,60,49.0,81.67,80.0,3 Days,Practical,Yes,No,Yes,Sunny,No,6.0
13-04-2026,Monday,6th,03:00 PM,Web Development,F_009,2,MCA,B,Lab 102,60,39.0,65.0,81.67,2 Days,Practical,Yes,No,Yes,Rainy,No,6.0
14-04-2026,Tuesday,1st,09:00 AM,Machine Learning,F_007,2,MCA,A,Room 204,60,52.0,86.67,68.33,3 Days,Theory,Yes,No,No,Sunny,No,15.0
14-04-2026,Tuesday,2nd,10:00 AM,Software Engineering,F_003,2,MCA,B,Room 205,60,45.0,75.0,53.33,3 Days,Theory,Yes,No,No,Sunny,No,8.0
14-04-2026,Tuesday,3rd,11:15 AM,Web Development,F_009,2,MCA,A,Lab 102,60,50.0,83.33,65.0,2 Days,Practical,Yes,No,No,Rainy,No,15.0
14-04-2026,Tuesday,4th,12:15 PM,Python Programming,F_010,2,MCA,B,Lab 101,60,54.0,90.0,80.0,2 Days,Practical,Yes,No,No,Sunny,No,6.0
14-04-2026,Tuesday,5th,02:00 PM,Software Engineering,F_003,2,MCA,A,Room 205,60,47.0,78.33,75.0,1 Day,Theory,Yes,No,No,Sunny,No,8.0
14-04-2026,Tuesday,6th,03:00 PM,Web Development,F_009,2,MCA,B,Lab 102,60,,,83.33,2 Days,Practical,Yes,No,No,Sunny,No,
15-04-2026,Wednesday,1st,09:00 AM,Operating Systems,F_012,2,MCA,B,Room 203,60,48.0,80.0,73.33,1 Day,Theory,Yes,No,No,Cloudy,No,4.0
15-04-2026,Wednesday,2nd,10:00 AM,Database Management Systems,F_004,2,MCA,A,Room 203,60,53.0,88.33,63.33,3 Days,Theory,Yes,No,No,Cloudy,No,15.0
15-04-2026,Wednesday,3rd,11:15 AM,Machine Learning,F_007,2,MCA,B,Room 204,60,53.0,88.33,86.67,3 Days,Theory,Yes,No,No,Sunny,No,6.0
15-04-2026,Wednesday,4th,12:15 PM,Machine Learning,F_007,2,MCA,A,Room 204,60,54.0,90.0,88.33,1 Day,Theory,Yes,No,No,Sunny,No,8.0
16-04-2026,Thursday,1st,09:00 AM,Web Development,F_009,2,MCA,A,Lab 102,60,55.0,91.67,83.33,3 Days,Practical,Yes,Yes,Yes,Cloudy,No,15.0
16-04-2026,Thursday,2nd,10:00 AM,Web Development,F_009,2,MCA,B,Lab 102,60,53.0,88.33,91.67,2 Days,Practical,Yes,Yes,Yes,Sunny,No,15.0
16-04-2026,Thursday,3rd,11:15 AM,Machine Learning,F_007,2,MCA,A,Room 204,60,43.0,71.67,90.0,1 Day,Theory,Yes,No,Yes,Rainy,No,4.0
16-04-2026,Thursday,4th,12:15 PM,Python Programming,F_010,2,MCA,B,Lab 101,60,46.0,76.67,90.0,2 Days,Practical,Yes,No,Yes,Cloudy,No,4.0
16-04-2026,Thursday,5th,02:00 PM,Web Development,F_009,2,MCA,A,Lab 102,60,42.0,70.0,88.33,3 Days,Practical,Yes,No,Yes,,No,8.0
17-04-2026,Friday,1st,09:00 AM,Software Engineering,F_003,2,MCA,B,Room 205,60,48.0,80.0,78.33,1 Day,Theory,Yes,No,No,Sunny,No,12.0
17-04-2026,Friday,2nd,10:00 AM,Software Engineering,F_003,2,MCA,A,Room 205,60,46.0,76.67,80.0,1 Day,Theory,Yes,No,No,Sunny,No,6.0
17-04-2026,Friday,3rd,11:15 AM,Python Programming,F_010,2,MCA,B,Lab 101,60,59.0,98.33,76.67,1 Day,Practical,Yes,Yes,No,Cloudy,No,15.0
17-04-2026,Friday,4th,12:15 PM,Operating Systems,F_012,2,MCA,A,Room 203,60,45.0,75.0,80.0,1 Day,Theory,Yes,No,No,Rainy,No,15.0
18-04-2026,Saturday,1st,09:00 AM,Python Programming,F_010,2,MCA,A,Lab 101,60,44.0,73.33,98.33,3 Days,Practical,Yes,No,Yes,Sunny,No,
18-04-2026,Saturday,2nd,10:00 AM,Operating Systems,F_012,2,MCA,B,Room 203,60,42.0,70.0,75.0,3 Days,Theory,Yes,No,Yes,Sunny,No,12.0
18-04-2026,Saturday,3rd,11:15 AM,Python Programming,F_010,2,MCA,B,Lab 101,60,52.0,86.67,73.33,3 Days,Practical,Yes,No,Yes,Sunny,No,4.0
18-04-2026,Saturday,4th,12:15 PM,Database Management Systems,F_004,2,MCA,A,Room 203,60,48.0,80.0,88.33,1 Day,Theory,Yes,No,Yes,Cloudy,No,15.0
18-04-2026,Saturday,5th,02:00 PM,Python Programming,F_010,2,MCA,A,Lab 101,60,46.0,76.67,86.67,2 Days,Practical,Yes,No,Yes,Sunny,No,15.0
18-04-2026,Saturday,6th,03:00 PM,Software Engineering,F_003,2,MCA,B,Room 205,60,40.0,66.67,76.67,1 Day,Theory,Yes,No,Yes,Cloudy,No,6.0
20-04-2026,Monday,1st,09:00 AM,Software Engineering,F_003,2,MCA,A,Room 205,60,33.0,55.0,66.67,2 Days,Theory,No,No,Yes,Sunny,No,8.0
20-04-2026,Monday,2nd,10:00 AM,Software Engineering,F_003,2,MCA,B,Room 205,60,,,55.0,1 Day,Theory,No,No,Yes,Rainy,No,8.0
20-04-2026,Monday,3rd,11:15 AM,Machine Learning,F_007,2,MCA,A,Room 204,60,38.0,63.33,71.67,3 Days,Theory,No,No,Yes,Rainy,No,6.0
20-04-2026,Monday,4th,12:15 PM,Web Development,F_009,2,MCA,B,Lab 102,60,47.0,78.33,70.0,3 Days,Practical,No,No,Yes,Sunny,No,4.0
20-04-2026,Monday,5th,02:00 PM,Web Development,F_009,2,MCA,A,Lab 102,60,39.0,65.0,78.33,3 Days,Practical,No,No,Yes,Sunny,No,15.0
20-04-2026,Monday,6th,03:00 PM,Web Development,F_009,2,MCA,A,Lab 102,60,41.0,68.33,65.0,3 Days,Practical,No,No,Yes,Cloudy,No,15.0
21-04-2026,Tuesday,1st,09:00 AM,Software Engineering,F_003,2,MCA,A,Room 205,60,44.0,73.33,53.33,3 Days,Theory,No,No,No,Sunny,No,6.0
21-04-2026,Tuesday,2nd,10:00 AM,Software Engineering,F_003,2,MCA,A,Room 205,60,35.0,58.33,73.33,1 Day,Theory,No,No,No,Cloudy,Yes,12.0
21-04-2026,Tuesday,3rd,11:15 AM,Software Engineering,F_003,2,MCA,B,Room 205,60,40.0,66.67,58.33,1 Day,Theory,No,No,No,,No,12.0
21-04-2026,Tuesday,4th,12:15 PM,Python Programming,F_010,2,MCA,A,Lab 101,60,49.0,81.67,,3 Days,Practical,No,No,No,Cloudy,No,8.0
21-04-2026,Tuesday,5th,02:00 PM,Operating Systems,F_012,2,MCA,A,Room 203,60,41.0,68.33,70.0,3 Days,Theory,No,No,No,Cloudy,No,4.0
21-04-2026,Tuesday,6th,03:00 PM,Web Development,F_009,2,MCA,B,Lab 102,60,49.0,81.67,68.33,3 Days,Practical,No,No,No,Cloudy,No,12.0
22-04-2026,Wednesday,1st,09:00 AM,Web Development,F_009,2,MCA,A,Lab 102,60,51.0,85.0,81.67,2 Days,Practical,No,No,No,Sunny,No,6.0
22-04-2026,Wednesday,2nd,10:00 AM,Software Engineering,F_003,2,MCA,A,Room 205,60,42.0,70.0,66.67,3 Days,Theory,No,No,No,Cloudy,No,12.0
22-04-2026,Wednesday,3rd,11:15 AM,Web Development,F_009,2,MCA,A,Lab 102,60,37.0,61.67,85.0,1 Day,Practical,No,No,No,Rainy,Yes,
22-04-2026,Wednesday,4th,12:15 PM,Web Development,F_009,2,MCA,A,Lab 102,60,56.0,93.33,61.67,3 Days,Practical,No,Yes,No,Sunny,No,6.0
23-04-2026,Thursday,1st,09:00 AM,Software Engineering,F_003,2,MCA,A,Room 205,60,44.0,73.33,70.0,2 Days,Theory,No,No,No,Sunny,No,15.0
23-04-2026,Thursday,2nd,10:00 AM,Database Management Systems,F_004,2,MCA,B,Room 203,60,46.0,76.67,80.0,3 Days,Theory,No,No,No,Sunny,No,6.0
23-04-2026,Thursday,3rd,11:15 AM,Database Management Systems,F_004,2,MCA,B,Room 203,60,44.0,73.33,76.67,3 Days,Theory,No,No,No,Cloudy,No,
23-04-2026,Thursday,4th,12:15 PM,Operating Systems,F_012,2,MCA,A,Room 203,60,45.0,75.0,68.33,3 Days,Theory,No,Yes,No,Sunny,No,15.0
23-04-2026,Thursday,5th,02:00 PM,Database Management Systems,F_004,2,MCA,A,Room 203,60,37.0,61.67,73.33,3 Days,Theory,No,No,No,Sunny,No,15.0
23-04-2026,Thursday,6th,03:00 PM,Web Development,F_009,2,MCA,B,Lab 102,60,47.0,78.33,93.33,3 Days,Practical,No,No,No,Sunny,No,12.0
24-04-2026,Friday,1st,09:00 AM,Operating Systems,F_012,2,MCA,A,Room 203,60,44.0,73.33,75.0,2 Days,Theory,No,No,No,Sunny,No,8.0
24-04-2026,Friday,2nd,10:00 AM,Machine Learning,F_007,2,MCA,A,Room 204,60,39.0,65.0,63.33,3 Days,Theory,No,No,No,Rainy,No,4.0
24-04-2026,Friday,3rd,11:15 AM,Web Development,F_009,2,MCA,B,Lab 102,60,52.0,86.67,78.33,2 Days,Practical,No,Yes,No,Sunny,No,8.0
24-04-2026,Friday,4th,12:15 PM,Machine Learning,F_007,2,MCA,A,Room 204,60,40.0,66.67,65.0,2 Days,Theory,No,No,No,Rainy,No,15.0
24-04-2026,Friday,5th,02:00 PM,Operating Systems,F_012,2,MCA,B,Room 203,60,31.0,51.67,73.33,3 Days,Theory,No,No,No,Rainy,No,15.0
25-04-2026,Saturday,1st,09:00 AM,Database Management Systems,F_004,2,MCA,B,Room 203,60,38.0,63.33,61.67,3 Days,Theory,No,No,Yes,Sunny,No,12.0
25-04-2026,Saturday,2nd,10:00 AM,Web Development,F_009,2,MCA,B,Lab 102,60,45.0,75.0,86.67,1 Day,Practical,No,No,Yes,Sunny,No,
25-04-2026,Saturday,3rd,11:15 AM,Python Programming,F_010,2,MCA,B,Lab 101,60,48.0,80.0,81.67,1 Day,Practical,No,Yes,Yes,Sunny,No,15.0
25-04-2026,Saturday,4th,12:15 PM,Software Engineering,F_003,2,MCA,B,Room 205,60,35.0,58.33,73.33,3 Days,Theory,No,No,Yes,Sunny,No,
25-04-2026,Saturday,5th,02:00 PM,Database Management Systems,F_004,2,MCA,B,Room 203,60,45.0,75.0,63.33,2 Days,Theory,No,Yes,Yes,,No,4.0
25-04-2026,Saturday,6th,03:00 PM,Machine Learning,F_007,2,MCA,B,Room 204,60,34.0,56.67,66.67,1 Day,Theory,No,No,Yes,Rainy,No,15.0
27-04-2026,Monday,1st,09:00 AM,Machine Learning,F_007,2,MCA,A,Room 204,60,42.0,70.0,56.67,3 Days,Theory,No,No,Yes,Sunny,No,12.0
27-04-2026,Monday,2nd,10:00 AM,Web Development,F_009,2,MCA,B,Lab 102,60,45.0,75.0,75.0,3 Days,Practical,No,No,Yes,Sunny,No,8.0
27-04-2026,Monday,3rd,11:15 AM,Operating Systems,F_012,2,MCA,A,Room 203,60,39.0,65.0,51.67,3 Days,Theory,No,No,Yes,Sunny,No,12.0
27-04-2026,Monday,4th,12:15 PM,Operating Systems,F_012,2,MCA,B,Room 203,60,42.0,70.0,65.0,3 Days,Theory,No,Yes,Yes,Sunny,No,6.0
27-04-2026,Monday,5th,02:00 PM,Web Development,F_009,2,MCA,A,Lab 102,60,37.0,61.67,75.0,2 Days,Practical,No,No,Yes,Cloudy,No,4.0
28-04-2026,Tuesday,1st,09:00 AM,Database Management Systems,F_004,2,MCA,A,Room 203,60,47.0,78.33,75.0,2 Days,Theory,No,No,No,Cloudy,No,6.0
28-04-2026,Tuesday,2nd,10:00 AM,Software Engineering,F_003,2,MCA,B,Room 205,60,44.0,73.33,58.33,1 Day,Theory,No,No,No,Cloudy,No,6.0
28-04-2026,Tuesday,3rd,11:15 AM,Database Management Systems,F_004,2,MCA,A,Room 203,60,43.0,71.67,78.33,3 Days,Theory,No,No,No,Sunny,No,12.0
28-04-2026,Tuesday,4th,12:15 PM,Operating Systems,F_012,2,MCA,B,Room 203,60,43.0,71.67,70.0,2 Days,Theory,No,No,No,Cloudy,No,15.0
28-04-2026,Tuesday,5th,02:00 PM,Operating Systems,F_012,2,MCA,B,Room 203,60,34.0,56.67,71.67,2 Days,Theory,No,No,No,Sunny,No,12.0
29-04-2026,Wednesday,1st,09:00 AM,Database Management Systems,F_004,2,MCA,A,Room 203,60,47.0,78.33,71.67,2 Days,Theory,No,No,No,Sunny,No,12.0
29-04-2026,Wednesday,2nd,10:00 AM,Software Engineering,F_003,2,MCA,B,Room 205,60,40.0,66.67,73.33,2 Days,Theory,No,No,No,Sunny,No,15.0
29-04-2026,Wednesday,3rd,11:15 AM,Database Management Systems,F_004,2,MCA,B,Room 203,60,44.0,73.33,78.33,2 Days,Theory,No,No,No,Cloudy,No,12.0
29-04-2026,Wednesday,4th,12:15 PM,Machine Learning,F_007,2,MCA,A,Room 204,60,50.0,83.33,70.0,1 Day,Theory,No,No,No,Cloudy,No,15.0
29-04-2026,Wednesday,5th,02:00 PM,Python Programming,F_010,2,MCA,A,Lab 101,60,48.0,80.0,80.0,1 Day,Practical,No,No,No,Sunny,No,12.0
29-04-2026,Wednesday,6th,03:00 PM,Operating Systems,F_012,2,MCA,B,Room 203,60,39.0,65.0,56.67,3 Days,Theory,No,No,No,Sunny,No,6.0
30-04-2026,Thursday,1st,09:00 AM,Web Development,F_009,2,MCA,A,Lab 102,60,55.0,91.67,61.67,1 Day,Practical,No,Yes,No,Sunny,No,4.0
30-04-2026,Thursday,2nd,10:00 AM,Operating Systems,F_012,2,MCA,B,Room 203,60,45.0,75.0,65.0,3 Days,Theory,No,No,No,Cloudy,No,15.0
30-04-2026,Thursday,3rd,11:15 AM,Machine Learning,F_007,2,MCA,A,Room 204,60,53.0,88.33,83.33,1 Day,Theory,No,Yes,No,Sunny,No,15.0
30-04-2026,Thursday,4th,12:15 PM,Machine Learning,F_007,2,MCA,A,Room 204,60,42.0,70.0,88.33,1 Day,Theory,No,No,No,Rainy,No,12.0
30-04-2026,Thursday,5th,02:00 PM,Database Management Systems,F_004,2,MCA,A,Room 203,60,43.0,71.67,73.33,3 Days,Theory,No,No,No,,No,15.0
30-04-2026,Thursday,6th,03:00 PM,Database Management Systems,F_004,2,MCA,B,Room 203,60,42.0,70.0,,3 Days,Theory,No,No,No,Cloudy,No,8.0
01-05-2026,Friday,1st,09:00 AM,Software Engineering,F_003,2,MCA,B,Room 205,60,37.0,61.67,66.67,1 Day,Theory,No,No,No,Rainy,No,6.0
01-05-2026,Friday,2nd,10:00 AM,Software Engineering,F_003,2,MCA,B,Room 205,60,40.0,66.67,61.67,1 Day,Theory,No,No,No,Sunny,No,12.0
01-05-2026,Friday,3rd,11:15 AM,Web Development,F_009,2,MCA,B,Lab 102,60,50.0,83.33,91.67,1 Day,Practical,No,Yes,No,,No,4.0
01-05-2026,Friday,4th,12:15 PM,Machine Learning,F_007,2,MCA,A,Room 204,60,48.0,80.0,70.0,1 Day,Theory,No,No,No,Cloudy,No,6.0
